Q,A,label
"UNKNOWN MESSAGE Please choose the Technical Support command on the Visual C++ Help menu, or open the Technical Support help file for more information",알 수 없는 메시지. 자세한 내용을 보려면 Visual C++ [도움말] 메뉴에서 [기술 지원] 명령을 선택하거나 기술 지원 도움말 파일을 참조하세요.,0
"An internal error has occurred in the compiler.
(compiler file 'file', line number)
To work around this problem, try simplifying or changing the program near the locations listed above. Please choose the Technical Support command on the Visual C++ Help menu, or open the Technical Support help file for more information","컴파일러에서 내부 오류가 발생했습니다.
(컴파일러 파일 'file', 줄 number)
이 문제를 해결하려면 위 목록에 나오는 위치 부근의 프로그램을 단순화하거나 변경하세요. 자세한 내용을 보려면 Visual C++ [도움말] 메뉴에서 [기술 지원] 명령을 선택하거나 기술 지원 도움말 파일을 참조하세요.",0
compiler is out of heap space in pass 2,2번 패스에서 컴파일러의 힙 공간이 부족합니다.,0
error count exceeds number; stopping compilation,오류 수가 숫자를 초과합니다. 컴파일 중지,0
unexpected end-of-file found,예기치 않은 파일의 끝이 나타났습니다.,0
string too big for buffer,버퍼에 비해 문자열이 너무 깁니다.,0
unrecognized flag 'string' in 'option',인식할 수 없는 플래그 'string'이 'option'에 있습니다.,0
no input file specified,입력 파일을 지정하지 않았습니다.,0
compiler limit: macros nested too deeply,컴파일러 한계: 매크로가 너무 많이 중첩되었습니다.,0
unexpected end of file while looking for precompiled header. Did you forget to add '#include <file>' to your source?,미리 컴파일된 헤더를 찾는 동안 예기치 않은 파일의 끝이 나타났습니다. 원본에 '#include <파일>'을 추가하는 것을 잊은 경우,0
"unmatched parenthesis: missing 'character""","괄호가 짝이 맞지 않습니다. 'character""가 없습니다.",0
compiler limit: too many open parentheses,컴파일러 한계: 여는 괄호가 너무 많습니다.,0
too many include files: depth = number,포함 파일이 너무 많습니다. 수준 = number,0
#ifdef/#ifndef expected an identifier,#ifdef/#ifndef에 식별자가 필요합니다.,0
invalid integer constant expression,정수 계열 상수 식이 잘못되었습니다.,0
unexpected #elif,예기치 않은 #elif입니다.,0
unexpected #else,예기치 않은 #else입니다.,0
unexpected #endif,예기치 않은 #endif입니다.,0
invalid preprocessor command 'string','string' 전처리기 명령이 잘못되었습니다.,0
expected #endif,#endif가 필요합니다.,0
"'file': unexpected error with pch, try rebuilding the pch",'file': pch에서 예기치 못한 오류가 발생했습니다. pch를 다시 빌드해 보세요.,0
"parser stack overflow, program too complex",파서 스택 오버플로입니다. 프로그램이 너무 복잡합니다.,0
cannot open program database 'file','file' 프로그램 데이터베이스를 열 수 없습니다.,0
file: no include path set,file: 포함 경로를 설정하지 않았습니다.,0
expression too complex; simplify expression,식이 너무 복잡합니다. 간단하게 만드세요.,0
"cannot overwrite earlier program database format, delete 'file' and recompile",이전 프로그램 데이터베이스 형식을 덮어쓸 수 없습니다. 'file'을 삭제하고 다시 컴파일하세요.,0
cannot open object file 'file','file' 개체 파일을 열 수 없습니다.,0
compiler limit: 'function': control flow state too complex; simplify function,컴파일러 한계: 'function': 제어 흐름 상태가 너무 복잡합니다. 함수를 간단하게 만드세요.,0
"cannot open program database 'file'; if multiple CL.EXE write to the same .PDB file, please use /FS",프로그램 데이터베이스 'file'을 열 수 없습니다. 여러 CL.EXE에서 동일한 .PDB 파일에 쓰는 경우 /FS를 사용하세요.,0
compiler limit: linkage specifications nested too deeply,컴파일러 한계: 링크 사양이 너무 많이 중첩되었습니다.,0
compiler limit: structure nested too deeply,컴파일러 한계: structure 가 너무 많이 중첩되었습니다.,0
The object or library file 'file' was created with an older compiler than other objects; rebuild old objects and libraries,개체 또는 라이브러리 파일 'file'은 다른 개체에 사용한 컴파일러보다 이전 컴파일러로 만들어졌습니다. 해당 개체 및 라이브러리를 다시 빌드하세요.,0
unknown option 'string' in 'option',알 수 없는 옵션 'string'이 'option'에 있습니다.,0
invalid numerical argument 'value','value' 숫자 인수가 잘못되었습니다.,0
"program database file, 'file', has an obsolete format, delete it and recompile",'file' 프로그램 데이터베이스 파일에 사용되지 않는 형식이 있습니다. 삭제한 후 다시 컴파일하세요.,0
"program database file, 'filename', was generated by the linker with /DEBUG:fastlink; compiler cannot update such PDB files; please delete it or use /Fd to specify a different PDB filename",프로그램 데이터베이스 파일 'filename'은 /DEBUG:fastlink를 사용하여 링커에 의해 생성되었습니다. 컴파일러는 이러한 PDB 파일을 업데이트할 수 없습니다. 삭제하거나 /Fd를 사용하여 다른 PDB 파일 이름을 지정하세요.,0
'function': function too large,'function': 함수가 너무 큽니다.,0
compiler limit: initializers nested too deeply,컴파일러 한계: 이니셜라이저가 너무 많이 중첩되었습니다.,0
compiler limit: out of keys,컴파일러 한계: 키가 부족합니다.,0
unexpected end of file in macro expansion,매크로 확장에서 예기치 않은 파일의 끝이 나타났습니다.,0
compiler is out of heap space,컴파일러의 힙 공간이 부족합니다.,0
compiler limit: blocks nested too deeply,컴파일러 한계: 블록이 너무 많이 중첩되었습니다.,0
compiler limit: compiler stack overflow,컴파일러 한계: 컴파일러 스택 오버플로입니다.,0
compiler limit: token overflowed internal buffer,컴파일러 한계: 내부 버퍼에서 토큰 오버플로가 발생했습니다.,0
compiler limit: out of tags,컴파일러 한계: 태그가 부족합니다.,0
compiler limit: 64K limit on size of a type record has been exceeded,컴파일러 한계: 형식 레코드 크기의 64K 한도를 초과했습니다.,0
cannot open file 'file','file' 파일을 열 수 없습니다.,0
cannot read compiler command line,컴파일러 명령줄을 읽을 수 없습니다.,0
mismatched #if/#endif pair in file 'file','file' 파일에서 #if/#endif 쌍이 짝이 맞지 않습니다.,0
unexpected end of file found in comment,주석에서 예기치 않은 파일의 끝이 나타났습니다.,0
"Internal error involving incremental compilation(compiler file 'file', line number)","증분 컴파일과 관련된 내부 오류입니다(컴파일러 파일 'file', 줄 number).",0
'IDB' is illegal extension for PDB file: file,'IDB'는 PDB 파일 file에 적합한 확장명이 아닙니다.,0
the left token was unmatched at the end of the file,파일 끝에 왼쪽 토큰 이 일치하지 않습니다.,0
compiler limit: internal heap limit reached; use /Zm to specify a higher limit,컴파일러 한계: 내부 힙 한계에 도달했습니다. /Zm을 사용하여 한계를 더 높게 지정하세요.,0
compiler limit: cannot have more than number command line options,컴파일러 한계: 명령줄 옵션을 number 개보다 많이 지정할 수 없습니다.,0
compiler limit: PCH file size limit exceeded,컴파일러 한계: PCH 파일 크기 한계를 초과했습니다.,0
compiler limit: command line option exceeded limit of number characters,컴파일러 한계: 명령줄 옵션이 number 자 한계를 초과했습니다.,0
'file': file name too long,'file': 파일 이름이 너무 깁니다.,0
cannot close type file: 'file': message,type 파일을 닫을 수 없습니다.'file': message,0
cannot open type file: 'file': message,type 파일을 열 수 없습니다. 'file': message,0
cannot read type file: 'file': message,type 파일을 읽을 수 없습니다. 'file': message,0
cannot write type file: 'file': message,type 파일에 쓸 수 없습니다. 'file': message,0
cannot seek type file: 'file': message,type 파일을 검색할 수 없습니다. 'file': message,0
cannot tell type file: 'file': message,type 파일에 알릴 수 없습니다. 'file': message,0
cannot flush type file: 'file': message,type 파일을 플러시할 수 없습니다. 'file': message,0
cannot truncate type file: 'file': message,type 파일을 자를 수 없습니다. 'file': message,0
"PDB API call failed, error code 'code': 'message'",PDB API를 호출하지 못했습니다. 오류 코드 'code': 'message',0
compiler limit: string exceeds number bytes in length,컴파일러 한계: 문자열 길이가 number 바이트를 초과합니다.,0
Edit and Continue does not support changes to data types; build required,편집하며 계속하기는 데이터 형식에 대한 변경 내용은 지원하지 않습니다. 빌드해야 합니다.,0
API call 'function' failed 'HRESULT' : 'description','function' API 호출이 'HRESULT'에서 실패했습니다 : 'description',0
'-Zmnumber': command line option is inconsistent with value used to build precompiled header ('-Zmnumber'),'-Zmnumber': 명령줄 옵션이 미리 컴파일된 헤더('-Zmnumber')를 빌드하는 데 사용한 값과 일치하지 않습니다.,0
Version mismatch with Edit and Continue engine,버전이 편집하며 계속하기 엔진과 일치하지 않습니다.,0
Edit and Continue engine terminating compile,편집하며 계속하기 엔진이 컴파일을 종료하고 있습니다.,0
unable to initialize OLE: error,OLE를 초기화할 수 없습니다. error,0
cannot create handler for attribute 'identifier','identifier' 특성에 대한 처리기를 만들 수 없습니다.,0
unable to initialize: error,초기화할 수 없습니다. error,0
fatal error importing progid: 'message',progid를 가져오는 중 오류가 발생했습니다. 'message',0
fatal error importing libid: 'message',libid를 가져오는 중 오류가 발생했습니다. 'message',0
message: error,message: error,0
could not find assembly 'assembly': please specify the assembly search path using /AI or by setting the LIBPATH environment variable,'assembly' 어셈블리를 찾을 수 없습니다. /AI를 사용하거나 LIBPATH 환경 변수를 설정하여 어셈블리 검색 경로를 지정하세요.,0
unable to find DLL: 'file','file' DLL을 찾을 수 없습니다.,0
unable to find 'symbol' in DLL 'file','symbol'을 DLL 'file'에서 찾을 수 없습니다.,0
too many nested template/generic definitions,템플릿/제네릭 정의가 너무 많이 중첩되었습니다.,0
too many template/generic parameters,템플릿/제네릭 매개 변수가 너무 많습니다.,0
"compiler limit: 'number' too many macro arguments, only number allowed",컴파일러 제한: 'number'에 매크로 인수가 너무 많고 숫자 만 허용됨,0
#using failed on 'file',#using이 'file'에서 실패했습니다.,0
'file': WinRT does not support #using of a managed assembly,'file': WinRT는 관리되는 어셈블리의 #using을 지원하지 않습니다.,0
call to GetProcAddress failed for 'function','function'에 대한 GetProcAddress 호출이 실패했습니다.,0
call to CryptoAPI failed,CryptoAPI에 대한 호출이 실패했습니다.,0
automatic allocation exceeds size,자동 할당이 size를 초과합니다.,0
number of sections exceeded object file format limit: compile with /bigobj,섹션 수가 개체 파일 형식 한도를 초과했습니다. /bigobj를 사용하여 컴파일하세요.,0
#error: message,#error: 메시지,0
managed targeted code requires a '/clr' option,관리되는 대상 코드에는 '/clr' 옵션을 사용해야 합니다.,0
'file' can only be imported at global scope,전역 범위에서만 'file'을 가져올 수 있습니다.,0
#using failed on 'file',#using이 'file'에서 실패했습니다.,0
an error expected in file(line) not reached,file(line)의 예상 오류에 도달하지 못했습니다.,0
use of /Yu and /Yc on the same command line is incompatible with the /clr option,같은 명령줄에서 /Yu 및 /Yc를 사용하면 /clr 옵션과 호환되지 않습니다.,0
'identifier' : identifier found in type library 'typelib' is not a valid C++ identifier,'identifier' : 형식 라이브러리 'typelib'의 이 식별자는 올바른 C++ 식별자가 아닙니다.,0
cannot reference 'file' as the program has already referenced 'file','file'을 참조할 수 없습니다. 프로그램에서 이미 'file'을 참조했습니다.,0
unable to continue after syntax error in class template definition,클래스 템플릿 정의에 구문 오류가 있어서 계속할 수 없습니다.,0
recursive type or function dependency context too complex,재귀 형식 또는 함수 종속성 컨텍스트가 너무 복잡합니다.,0
Generics are not supported by the version of the runtime installed,설치된 런타임 버전에서는 제네릭이 지원되지 않습니다.,0
Per-appdomain data is not supported by the version of the runtime installed,설치된 런타임 버전에서는 appdomain별 데이터가 지원되지 않습니다.,0
Managed templates not supported by the version of the runtime installed,설치된 런타임 버전에서는 관리되는 템플릿이 지원되지 않습니다.,0
Allocating reference classes on the stack is not supported by the version of the runtime installed,설치된 런타임 버전에서는 참조 클래스를 스택에 할당할 수 없습니다.,0
Friend assemblies not supported by the version of the runtime installed,설치된 런타임 버전에서는 friend 어셈블리가 지원되지 않습니다.,0
/clr:pure and /clr:safe are not supported by the version of the runtime installed,설치된 런타임 버전에서는 /clr:pure 및 /clr:safe가 지원되지 않습니다.,0
The TypeForwardedTo Custom Attribute is not supported by the version of the runtime installed,설치된 런타임 버전에서는 TypeForwardedTo 사용자 지정 특성이 지원되지 않습니다.,0
error accessing program database file (message),file (message) 프로그램 데이터베이스에 액세스하는 동안 오류가 발생했습니다.,0
"error accessing program database file, invalid format, please delete and rebuild",file프로그램 데이터베이스에 액세스하는 동안 오류가 발생했습니다. 형식이 잘못되었습니다. 삭제한 다음 다시 빌드하세요.,0
no profile data for module 'module' in profile database 'file','module' 모듈의 프로필 데이터가 'file' 프로필 데이터베이스에 없습니다.,0
profile database 'file' is for a different architecture,'file' 프로필 데이터베이스는 다른 아키텍처용입니다.,0
last change to profile data base 'file' was not optimization analysis; optimization decisions may be out of date,'file' 프로필 데이터베이스의 마지막 변경 내용이 최적화 분석이 아닙니다. 최적화 결정 기간이 만료되었습니다.,0
program has been edited since profile data was collected,프로필 데이터가 수집된 이후 프로그램이 편집되었습니다.,0
file: linking assemblies is not supported,file: 링크 어셈블리는 지원되지 않습니다.,0
Mismatched versions of C2.DLL and pgodbver.DLL,C2.DLL과 pgodbver.DLL의 버전이 일치하지 않습니다.,0
profile guided optimizations are not available with OpenMP,OpenMP에서는 프로필 기반 최적화를 사용할 수 없습니다.,0
COFF format cannot statically initialize 'symbol' with number byte(s) of an address,COFF 형식은number바이트의 주소를 사용하여 ' symbol '을 정적으로 초기화할 수 없습니다.,0
Too many conditional branches in function. Simplify or refactor source code.,함수에 조건부 분기가 너무 많습니다. 소스 코드를 단순화하거나 리팩터링하세요.,0
compiler limit: type blocks may not be nested deeper than number levels,컴파일러 한도: type 블록은 number 보다 깊은 수준으로 중첩될 수 없습니다.,0
error loading dll 'file': dll not found,'file' dll을 로드하는 동안 오류가 발생했습니다. dll을 찾을 수 없습니다.,0
error loading dll 'file': incompatible version,'file' dll을 로드하는 동안 오류가 발생했습니다. 호환되지 않는 버전입니다.,0
Invalid or corrupt MSIL in function 'function' from module 'module','module' 모듈의 'function' 함수에 잘못되었거나 손상된 MSIL이 있습니다.,0
metadata operation failed: runtime not installed or version mismatch,메타데이터 작업이 실패했습니다. 런타임이 설치되지 않았거나 버전이 일치하지 않습니다.,0
the PCH file 'file' has been rebuilt since 'obj' was generated. Please rebuild this object,'file' PCH 파일이 'obj'가 생성된 후 다시 빌드되었습니다. 이 개체를 다시 빌드하세요.,0
compiler option /GL is incompatible with the installed version of common language runtime,컴파일러 옵션 /GL은 설치된 공용 언어 런타임 버전과 호환되지 않습니다.,0
Incorrect setting for PGO_PATH_TRANSLATION when linking 'file','file'을 링크할 때 PGO_PATH_TRANSLATION의 설정이 잘못되었습니다.,0
Failed to generate debug information when compiling the call graph for the concurrency::parallel_for_each at: 'callsite','callsite'에서 concurrency::parallel_for_each에 대해 호출 그래프를 컴파일하는 동안 디버그 정보를 생성하지 못했습니다.,0
unrecoverable parser look-ahead error,복구할 수 없는 파서 미리 보기 오류입니다.,0
unrecoverable block scoping error,복구할 수 없는 블록 범위 지정 오류입니다.,0
compiler limit: 'function': more than 65535 argument bytes,"컴파일러 한계: 'function': 인수가 65,535바이트가 넘습니다.",0
compiler limit: too many exception handler states in function 'function'; simplify function,컴파일러 한계: 'function' 함수에 예외 처리기 상태가 너무 많습니다. 함수를 간단하게 만드세요.,0
Cannot open language resource clui.dll,언어 리소스 clui.dll을 열 수 없습니다.,0
unsupported inline assembly opcode,지원되지 않는 인라인 어셈블리 opcode입니다.,0
unsupported intrinsic,지원되지 않는 내장 함수입니다.,0
inline assembly branch target out of range by number bytes,인라인 어셈블리 분기 대상이 number 바이트만큼 범위를 벗어났습니다.,0
'file' is not a valid precompiled header file,'file'은 올바른 미리 컴파일된 헤더 파일이 아닙니다.,0
"'file' precompiled header file is from a previous version of the compiler, or the precompiled header is C++ and you are using it from C (or vice versa)","'file' 미리 컴파일된 헤더 파일이 이전 버전의 컴파일러에서 만들어졌거나, 미리 컴파일된 헤더가 C++인데 C에서 사용하고 있거나 그 반대의 경우입니다.",0
cannot overwrite information formed during creation of the precompiled header in object file: 'file',미리 컴파일된 헤더를 개체 파일 'file'에 만드는 동안 구성된 정보를 덮어쓸 수 없습니다.,0
Il mismatch between 'tool' version 'number' and 'tool' version 'number','tool' 버전 'number'와 'tool' 버전 'number' 사이에 Il이 일치하지 않습니다.,0
Internal memory management error,내부 메모리 관리 오류입니다.,0
Program database manager mismatch; please check your installation,프로그램 데이터베이스 관리자가 일치하지 않습니다. 설치를 확인하세요.,0
unable to recover from previous error(s); stopping compilation,이전 오류를 복구할 수 없습니다. 컴파일이 중지됩니다.,0
bad provider interaction: 'file',잘못된 공급자 상호 작용: 'file',0
Front end and back end not compatible (must target same processor).,프런트 엔드와 백 엔드가 호환되지 않습니다. 같은 프로세서를 대상으로 해야 합니다.,0
"UNKNOWN ERROR Please choose the Technical Support command on the Visual C++ Help menu, or open the Technical Support help file for more information",알 수 없음 오류 Visual C++ 도움말 메뉴에서 기술 지원 명령을 선택하거나 기술 지원 도움말 파일을 열어 자세한 내용을 확인하세요.,0
newline in constant,상수의 줄,0
invalid wide-character constant,잘못된 와이드 문자 상수,0
expected 'defined id','정의된 ID'가 필요합니다.,0
expected 'defined(id)','defined(id)'가 필요합니다.,0
"#line expected a line number, found 'token'",#line '토큰'을 찾은 줄 번호가 필요합니다.,0
"'directive': expected a filename, found 'token'",'directive': 'token'을 찾은 파일 이름이 필요합니다.,0
#define syntax,#define 구문,0
'character': unexpected in macro definition,'character': 매크로 정의에서 예기치 않은,0
reuse of macro formal 'identifier',매크로 형식 'identifier'를 다시 사용,0
'character': unexpected in macro formal parameter list,'character': 매크로 정식 매개 변수 목록에서 예기치 않은,0
'identifier': 'type' type redefinition,'identifier': 'type' 형식 재정의,0
missing name following '<','<' 뒤에 이름이 없습니다.,0
missing '>','>'이(가) 없습니다.,0
preprocessor command must start as first nonwhite space,전처리기 명령은 첫 번째 비백인 공간으로 시작해야 합니다.,0
too many characters in constant,상수에 너무 많은 문자,0
C requires that a struct or union has at least one member,C를 사용하려면 구조체 또는 공용 구조체에 하나 이상의 멤버가 있어야 합니다.,0
illegal escape sequence,잘못된 이스케이프 시퀀스,0
unknown character '0xvalue',알 수 없는 문자 '0xvalue',0
"expected preprocessor directive, found 'character'",'character'를 찾은 전처리기 지시문이 필요합니다.,0
'member': 'class' member redefinition,'member': 'class' 멤버 재정의,0
"expected exponent value, not 'character'",'character'가 아닌 예상 지수 값,0
'number': too big for character,'number': 너무 커서 문자가 너무 큽,0
'identifier': Alignment (number1) different from prior declaration (number2),'identifier': 이전 선언과 다른 맞춤(number1) (number2),0
"'alignas' attribute applies to variables, data members and tag types only","'alignas' 특성은 변수, 데이터 멤버 및 태그 형식에만 적용됩니다.",0
invalid or corrupted binary module interface file: 'filename',잘못되었거나 손상된 이진 모듈 인터페이스 파일: 'filename',0
"string too big, trailing characters truncated",문자열이 너무 크고 후행 문자가 잘렸습니다.,0
use of undefined type 'type',정의되지 않은 형식 'type'의 사용,0
struct/union member must be inside a struct/union,구조체/공용 구조체 멤버는 구조체/공용 구조체 안에 있어야 합니다.,0
left of 'token' specifies undefined class/struct/interface 'identifier','token'의 왼쪽은 정의되지 않은 클래스/구조체/인터페이스 'identifier'를 지정합니다.,0
a destructor with 'protected private' accessibility cannot be a member of a class declared 'sealed','protected private' 접근성을 가진 소멸자는 'sealed'로 선언된 클래스의 멤버일 수 없습니다.,0
a virtual destructor with 'accessibility' accessibility is not allowed for this type,이 형식에는 '접근성' 접근성이 있는 가상 소멸자가 허용되지 않습니다.,0
'identifier': function cannot be member of struct/union 'type','identifier': 함수는 구조체/공용 구조체 'type'의 멤버일 수 없습니다.,0
'identifier': bit field cannot have indirection,'identifier': 비트 필드에 간접 참조가 있을 수 없습니다.,0
'identifier': type of bit field too small for number of bits,'identifier': 비트 수에 비해 비트 필드 형식이 너무 작음,0
a non-virtual destructor with 'accessibility' accessibility is not allowed for this type,이 형식에는 '접근성' 접근성이 있는 가상이 아닌 소멸자가 허용되지 않습니다.,0
'identifier': unknown size,'identifier': 알 수 없는 크기,0
left of 'identifier' specifies undefined struct/union 'type','identifier'의 왼쪽은 정의되지 않은 구조체/공용 구조체 'type'을 지정합니다.,0
the std namespace cannot be inline,std 네임스페이스는 인라인일 수 없습니다.,0
'identifier1': is not a member of 'identifier2','identifier1': 'identifier2'의 멤버가 아닙니다.,0
'operator': 'identifier1' differs in levels of indirection from 'identifier2','operator': 'identifier1'은 'identifier2'의 간접 참조 수준이 다릅니다.,0
illegal digit 'character' for base 'number',기본 'number'에 대한 잘못된 숫자 'character',0
signed/unsigned keywords mutually exclusive,signed/unsigned 키워드는 함께 사용할 수 없습니다.,0
illegal break,break가 잘못되었습니다.,0
illegal continue,continue가 잘못되었습니다.,0
'identifier': label redefined,'identifier': 레이블이 다시 정의됨,0
illegal case,대/소문자가 잘못되었습니다.,0
illegal default,기본값이 잘못되었습니다.,0
more than one default,기본값이 둘 이상입니다.,0
'identifier': non-inline namespace cannot be reopened as inline,'identifier': 인라인이 아닌 네임스페이스를 인라인으로 다시 열 수 없습니다.,0
switch expression not integral,switch 식이 정수가 아님,0
case expression not constant,case 식이 상수가 아님,0
'type': illegal type for case expression,'type': case 식에 잘못된 형식,0
'identifier': wide string mismatch,'identifier': 와이드 문자열 불일치,0
expected '(' to follow 'identifier','('가 'identifier'를 따라야 합니다.,0
"expected formal parameter list, not a type list",형식 목록이 아닌 형식 매개 변수 목록이 필요합니다.,0
illegal expression,잘못된 식,0
expected constant expression,상수 식이 필요합니다.,0
constant expression is not integral,상수 식이 정수 계열이 아닙니다.,0
syntax error: 'token',구문 오류: 'token',0
syntax error: end of file found,구문 오류: 파일의 끝을 찾았습니다.,0
syntax error: identifier 'identifier',구문 오류: 식별자 'identifier',0
type 'type' unexpected,'type' 형식이 예기치 않음,0
'identifier': not a function,'identifier': 함수가 아닙니다.,0
term does not evaluate to a function taking number arguments,용어는 숫자 인수를 사용하는 함수로 평가되지 않습니다.,0
'identifier': undeclared identifier,'identifier': 선언되지 않은 식별자,0
cast to function type is illegal,함수 형식으로 캐스팅이 잘못되었습니다.,0
cast to array type is illegal,배열 형식으로 잘못 캐스팅했습니다.,0
illegal use of overloaded function. Missing argument list?,오버로드된 함수를 잘못 사용했습니다. 인수 목록이 없나요?,0
cast of 'void' term to non-'void','void' 항에서 비 'void'로 캐스팅했습니다.,0
'type': illegal sizeof operand,'type': 잘못된 sizeof 피연산자,0
'identifier': illegal storage class,'identifier': 잘못된 스토리지 클래스,0
'identifier': initialization of a function,'identifier': 함수 초기화,0
'identifier': elements of partially initialized array must have a default constructor,'identifier': 부분적으로 초기화된 배열의 요소에는 기본 생성자가 있어야 합니다.,0
'identifier': 'type' initialization requires a brace-enclosed initializer list,'identifier': 'type' 초기화에는 중괄호로 묶인 이니셜라이저 목록이 필요합니다.,0
'identifier': array initialization requires a brace-enclosed initializer list,'identifier': 배열 초기화에는 중괄호로 묶인 이니셜라이저 목록이 필요합니다.,0
a brace-enclosed initializer list cannot be used in a new-expression whose type contains 'type',중괄호로 묶인 이니셜라이저 목록은 형식에 'type'이 포함된 new-expression에서 사용할 수 없습니다.,0
non-scalar field initializer 'identifier',스칼라가 아닌 필드 이니셜라이저 'identifier',0
too many initializers,이니셜라이저가 너무 많습니다.,0
'identifier' uses undefined struct/class/union 'type','identifier'는 정의되지 않은 구조체/클래스/공용 구조체 'type'을 사용합니다.,0
'identifier': the type for 'type' can only be deduced from a single initializer expression,'identifier': 'type'의 형식은 단일 이니셜라이저 식에서만 추론할 수 있습니다.,0
'identifier': name in formal parameter list illegal,'identifier': 정식 매개 변수 목록의 이름이 잘못되었습니다.,0
redefinition of formal parameter 'identifier',공식 매개 변수 'identifier'의 재정의,0
struct/union comparison illegal,struct/union 비교가 잘못되었습니다.,0
function 'identifier' already has a body,함수 'identifier'에 이미 본문이 있습니다.,0
'identifier': not in formal parameter list,'identifier': 공식 매개 변수 목록에 없음,0
'identifier': redefinition,'identifier': 재정의,0
'identifier': missing subscript,'identifier': 아래 첨자가 없습니다.,0
'operator': illegal for struct/class/union,'operator': 구조체/클래스/공용 구조체에 대해 불법,0
'identifier': 'type' too large,'identifier': 'type'이 너무 큼,0
function returns array,함수는 배열을 반환합니다.,0
function returns function,함수는 함수를 반환합니다.,0
'identifier' array element type cannot be function,'identifier' 배열 요소 형식은 함수가 될 수 없습니다.,0
'identifier1': cannot be initialized using address of automatic variable 'identifier2','identifier1': 자동 변수 'identifier2'의 주소를 사용하여 초기화할 수 없습니다.,0
label 'identifier' was undefined,레이블 'identifier'가 정의되지 않았습니다.,0
'function': actual parameter has type 'void': parameter number,'function': 실제 매개 변수의 형식이 'void': 매개 변수 번호,0
'identifier': A data member cannot be initialized with a parenthesized initializer,'identifier': 괄호가 있는 이니셜라이저를 사용하여 데이터 멤버를 초기화할 수 없습니다.,0
illegal initialization,불법 초기화,0
unexpected token after data member 'identifier',데이터 멤버 'identifier' 이후의 예기치 않은 토큰,0
initializer is not a constant,이니셜라이저가 상수가 아닙니다.,0
"UNKNOWN WARNING

Please choose the Technical Support command on the Visual C++

Help menu, or open the Technical Support help file for more information","알 수 없는 경고

Visual C++에서 기술 지원 명령을 선택하세요.

도움말 메뉴 또는 기술 지원 도움말 파일을 열어 자세한 내용을 확인하세요.",0
nonstandard extension 'single line comment' was used,비표준 확장 '한 줄 주석'이 사용되었습니다.,0
too many actual parameters for macro 'identifier','identifier' 매크로의 실제 매개 변수가 너무 많습니다.,0
not enough actual parameters for macro 'identifier','identifier' 매크로의 실제 매개 변수가 부족합니다.,0
'identifier': macro redefinition,'identifier': 매크로 재정의,0
#undef expected an identifier,#undef에 식별자가 필요합니다.,0
'function': must be 'attribute','function': 'attribute'여야 합니다.,0
'function': 'attribute' attribute ignored,'function': 'attribute' 특성이 무시됨,0
single-line comment contains line-continuation character,한 줄 주석에 줄 연속 문자가 포함되어 있습니다.,0
'function' undefined; assuming extern returning int,'function'은 정의되지 않았습니다. int를 반환하는 extern을 가정합니다.,0
'identifer': type of bit field must be integral,'identifer': 비트 필드의 형식은 정수여야 합니다.,0
'expression': signed/unsigned mismatch,'expression': 부호 있음/서명되지 않은 불일치,0
empty statement at global scope,전역 범위에 빈 문이 있습니다.,0
'function': too many actual parameters,'function': 실제 매개 변수가 너무 많습니다.,0
'function': pointer mismatch for actual parameter 'parameter number','function': 실제 매개 변수 '매개 변수 번호'에 대한 포인터 불일치,0
'function': based pointer passed to unprototyped function: parameter 'parameter_number','function': 형식화되지 않은 함수에 전달된 기반 포인터: 매개 변수 'parameter_number',0
'function': different types for formal and actual parameter 'parameter_number','function': 형식 및 실제 매개 변수 'parameter_number'에 대한 다양한 형식,0
'function': based pointer passed to function with variable arguments: parameter 'parameter_number','function': 변수 인수를 사용하여 함수에 전달된 기반 포인터: 매개 변수 'parameter_number',0
function declared with formal parameter list,정식 매개 변수 목록을 사용하여 함수를 선언했습니다.,0
function declared without formal parameter list,정식 매개 변수 목록을 사용하지 않고 함수를 선언했습니다.,0
formal parameter 'parameter_number' different from declaration,선언과 다른 형식 매개 변수 'parameter_number'입니다.,0
declared formal parameter list different from definition,정의와 다른 선언된 공식 매개 변수 목록,0
first formal parameter list longer than the second list,첫째 정식 매개 변수 목록이 둘째 목록보다 깁니다.,0
second formal parameter list longer than the first list,첫 번째 목록보다 긴 두 번째 공식 매개 변수 목록,0
formal parameter 'parameter_number' has different type when promoted,정식 매개 변수 'parameter_number'은 승격될 때 형식이 다릅니다.,0
'function' must return a value,'function'은 값을 반환해야 합니다.,0
sizeof returns 0,sizeof는 0을 반환합니다.,0
'function': no return value,'function': 반환 값 없음,0
unnamed 'type' as actual parameter,실제 매개 변수로 명명되지 않은 'type'입니다.,0
'modifier': illegal class modifier,'한정자': 잘못된 클래스 한정자,0
compiler limit: terminating browser output,컴파일러 제한: 브라우저 출력 종료,0
'identifier': has bad storage class,'identifier': 잘못된 스토리지 클래스가 있습니다.,0
'array': array bounds overflow,'array': 배열 경계 오버플로,0
'operator': 'identifier1' differs in levels of indirection from 'identifier2','operator': 'identifier1'은 'identifier2'의 간접 참조 수준이 다릅니다.,0
different array subscripts: 'identifier1' and 'identifier2',다른 배열 아래 첨자: 'identifier1' 및 'identifier2',0
compiler limit: terminating line number emission,컴파일러 제한: 줄 번호 배출 종료,0
type conversion; possible loss of data,형식을 변환하면서 데이터가 손실될 수 있습니다.,0
function declarations different; one contains variable arguments,함수 선언이 다릅니다. 한쪽에 가변 인수가 들어 있습니다.,0
one void operand for '?:','?:' 연산에 void 형식이 피연산자로 사용됩니다.,0
'conversion' : from data pointer 'type1' to function pointer 'type2','conversion': 데이터 포인터 'type1'에서 함수 포인터 'type2'로,0
overflow in floating-point constant arithmetic,부동 소수점 상수 산술 연산의 오버플로,0
'operator': 'identifier1' differs in indirection to slightly different base types from 'identifier2','operator': 'identifier1'은 'identifier2'에서 약간 다른 기본 형식에 대한 간접 참조가 다릅니다.,0
switch statement contains no 'case' or 'default' labels,switch 문에는 'case' 또는 'default' 레이블이 없습니다.,0
enumerator 'identifier' in switch of enum 'enumeration' is not explicitly handled by a case label,열거형 '열거형' 스위치의 열거자 'identifier'는 사례 레이블에 의해 명시적으로 처리되지 않습니다.,0
enumerator 'identifier' in switch of enum 'enumeration' is not handled,열거형 'enumeration'의 switch에 있는 'identifier' 열거자가 처리되지 않습니다.,0
case 'identifier' is not a valid value for switch of enum 'enumeration',case 'identifier'가 열거형 '열거형' 스위치에 유효한 값이 아닙니다.,0
switch of incomplete enum 'enumeration',불완전한 열거형 '열거형' 스위치,0
switch statement contains 'default' but no 'case' labels,switch 문은 'default'를 포함하지만 'case' 레이블은 포함하지 않습니다.,0
characters beyond first in wide-character constant ignored,와이드 문자 상수에서 첫 문자 뒤의 문자는 무시됩니다.,0
unexpected tokens following preprocessor directive - expected a newline,전처리기 지시문에 따른 예기치 않은 토큰 - 줄이 필요합니다.,0
unknown pragma,알 수 없는 pragma입니다.,0
long double is the same precision as double,long double은 double과 동일한 정밀도입니다.,0
initializers put in library initialization area,라이브러리 초기화 영역에 배치된 이니셜라이저,0
initializers put in compiler reserved initialization area,컴파일러 예약 초기화 영역에 배치된 이니셜라이저,0
initializers put in unrecognized initialization area,이니셜라이저가 인식할 수 없는 초기화 영역에 있습니다.,0
'type_modifier': can not be used with type 'typename','type_modifier': 'typename' 형식과 함께 사용할 수 없습니다.,0
unknown check_stack option,알 수 없는 check_stack 옵션입니다.,0
unexpected token 'token',예기치 않은 'token' 토큰입니다.,0
expected identifier for segment name; found 'symbol',세그먼트 이름에 대한 식별자가 있어야 하는데 'symbol'이 있습니다.,0
expected 'token1'; found 'token2','token1'이 필요한데 'token2'가 있습니다.,0
expected 'token'; found identifier 'identifier','token'이 필요합니다. 검색된 식별자 'identifier',0
expected pragma parameter to be 'on' or 'off',pragma 매개 변수는 'on' 또는 'off'이어야 합니다.,0
"expected pragma parameter to be '1', '2', '4', '8', or '16'","pragma 매개 변수는 '1', '2', '4', '8' 또는 '16'이어야 합니다.",0
function': declared with 'void' parameter list,'function': 'void' 매개 변수 목록으로 선언됨,0
"'function': pointer mismatch in actual parameter 'parameter_number', formal parameter 'parameter_number'","'function': 실제 매개 변수 'parameter_number', 형식 매개 변수 'parameter_number'의 포인터 불일치",0
"'function': different types in actual parameter 'parameter_number', formal parameter 'parameter_number'","'function': 실제 매개 변수 'parameter_number', 형식 매개 변수 'parameter_number'의 형식이 다릅니다.",0
'operation': different 'modifier' qualifiers,'operation': 다른 '한정자' 한정자,0
keyword': ignored on left of 'type' when no variable is declared,keyword': 변수가 선언되지 않은 경우 'type' 왼쪽에서 무시됨,0
sizeof returns 'unsigned long',sizeof는 'unsigned long'을 반환합니다.,0
untagged 'token' declared no symbols,태그가 지정되지 않은 '토큰'이 기호를 선언하지 않았습니다.,0
'identifier': interface is not a COM interface; will not be emitted to IDL,'identifier': 인터페이스는 COM 인터페이스가 아닙니다. 는 IDL로 내보내지 않습니다.,0
expected pragma parameter to be 'restore' or 'off',pragma 매개 변수는 'restore' 또는 'off'이어야 합니다.,0
'function': 'void' function returning a value,'function': 값을 반환하는 'void' 함수,0
'identifier': type name first seen using 'object_type1' now seen using 'object_type2','identifier': 이제 'object_type2'을 사용하여 'object_type1'을 사용하여 처음 표시되는 형식 이름,0
'identifier': unreferenced formal parameter,'identifier': 참조되지 않은 정식 매개 변수,0
'identifier': unreferenced local variable,'identifier': 참조되지 않은 지역 변수,0
'label': unreferenced label,'label': 참조되지 않은 레이블,0
"'filename': alignment changed after including header, may be due to missing #pragma pack(pop)",'filename': 헤더를 포함한 후 맞춤이 변경되었습니다. #pragma pack(pop)이 누락되어 있을 수 있습니다.,0
unexpected identifier 'identifier',예기치 않은 식별자 'identifier'입니다.,0
#line requires an integer between 1 and 'line_count',#line 1에서 'line_count' 사이의 정수 필요,0
'identifier1' differs in parameter lists from 'identifier2','identifier1'은 'identifier2'의 매개 변수 목록에서 다릅니다.,0
same type qualifier used more than once,동일한 형식 한정자를 두 번 이상 사용했습니다.,0
'type': named type definition in parentheses,'type': 괄호 안에 명명된 형식 정의,0
unnamed type definition in parentheses,괄호 안에 명명되지 않은 형식 정의,0
"macro name 'name' is reserved, 'command' ignored",매크로 이름 'name'이 예약되어 있습니다. 'command'가 무시됨,0
different bases 'base1' and 'base2' specified,서로 다른 기준 'base1'과 'base2'를 지정했습니다.,0
based/unbased mismatch,based 또는 unbased가 일치하지 않습니다.,0
'symbol': alignment of a member was sensitive to packing,'symbol': 멤버 맞춤이 압축에 민감했습니다.,0
'function': alloc_text applicable only to functions with C linkage,'function': alloc_text C 링크가 있는 함수에만 적용됩니다.,0
different base expressions specified,지정된 다른 기본 식,0
__fastcall with stack checking is inefficient,스택 검사가 있는 __fastcall 비효율적입니다.,0
decimal digit terminates octal escape sequence,10진수가 8진수 이스케이프 시퀀스를 마칩니다.,0
conditional expression is constant,조건식이 상수입니다.,0
'character': unrecognized character escape sequence,'character': 인식할 수 없는 문자 이스케이프 시퀀스,0
'operator': logical operation on address of string constant,'operator': 문자열 상수의 주소에 대한 논리적 연산,0
'function': uses old-style declarator,'function': 이전 스타일 선언자를 사용합니다.,0
'object': const object should be initialized,'object': const 개체를 초기화해야 합니다.,0
'expression': incompatible types - from 'type1' to 'type2','expression': 호환되지 않는 형식 - 'type1'에서 'type2'로,0
'function': no return value from floating-point function,'function': 부동 소수점 함수의 반환 값 없음,0
'*/' found outside of comment,'*/'가 주석 외부에 있습니다.,0
'modifier': used more than once,'한정자': 두 번 이상 사용됨,0
benign redefinition of type,형식의 무해한 재정의,0
pragma 'same_seg' not supported; use __based allocation,pragma 'same_seg'가 지원되지 않으므로 __based 할당을 사용하세요.,0
'expression': relational expression as switch expression,'expression': 관계형 식을 switch 식으로,0
'expression1': relational expression as switch expression; possible confusion with 'expression2',"'expression1': 관계형 식을 switch 식으로, 'expression2'와 혼동할 수 있습니다.",0
"unary minus operator applied to unsigned type, result still unsigned","부호 없는 형식에 적용된 단항 빼기 연산자, 여전히 부호 없는 결과",0
deletion of pointer to incomplete type 'type'; no destructor called,불완전한 형식 'type'에 대한 포인터 삭제 소멸자가 호출되지 않음,0
"nonstandard extension, function/data pointer conversion in expression","비표준 확장, 식의 함수/데이터 포인터 변환",0
function/data pointer conversion in expression,식에서 함수/데이터 포인터 변환이 있습니다.,0
deletion of an array expression; conversion to pointer supplied,배열 식 삭제; 제공된 포인터로 변환,0
deletion of an array expression without using the array form of 'delete','delete' 배열 형식을 사용하지 않고 배열 식을 삭제했습니다.,0
deletion of an array expression without using the array form of 'delete'; array form substituted,'delete'의 배열 형식을 사용하지 않고 배열 식을 삭제합니다. 배열 양식 대체됨,0
pragma was ignored by C compiler,C 컴파일러에서 pragma를 무시했습니다.,0
"assuming #pragma pointers_to_members(full_generality, 'inheritance_type')","가정 #pragma pointers_to_members(full_generality, 'inheritance_type')",0
"#pragma 'pragma'(pop,...): has popped previously pushed identifier 'identifier'","#pragma 'pragma'(pop,...): 이전에 푸시된 식별자 'identifier'를 팝했습니다.",0
"#pragma 'pragma'(pop,...): did not find previously pushed identifier 'identifier'","#pragma 'pragma'(pop,...): 이전에 푸시된 식별자 'identifier'를 찾지 못했습니다.",0
#pragma 'pragma'(pop...): more pops than pushes,#pragma 'pragma'(팝...): 푸시보다 더 많은 팝,0
'identifier': no function with C linkage found,'identifier': C 링크가 있는 함수가 없습니다.,0
'identifier': not available as an intrinsic function,'identifier': 내장 함수로 사용할 수 없음,0
'function': intrinsic function not declared,'function': 내장 함수가 선언되지 않음,0
'HRESULT' is being converted to 'bool'; are you sure this is what you want?,'HRESULT'가 'bool'로 변환되고 있습니다. 당신은 이것이 당신이 원하는 것을 확신합니까?,0
illegal calling convention for constructor/destructor,생성자/소멸자에 대한 호출 규칙이 잘못되었습니다.,0
'function': only available as an intrinsic function,'function': 내장 함수로만 사용할 수 있습니다.,0
"compiler limit: out of debugger types, delete program database 'database' and rebuild",컴파일러 제한: 디버거 형식을 벗어나 프로그램 데이터베이스 'database'를 삭제하고 다시 빌드,0
returning address of local variable or temporary,지역 변수 또는 임시 주소 반환,0
'name': not available as a #pragma component,'name': #pragma 구성 요소로 사용할 수 없음,0
"#pragma component(browser, on): browser info must initially be specified on the command line","#pragma 구성 요소(브라우저, 켜기): 브라우저 정보는 처음에 명령줄에 지정해야 합니다.",0
'subcomponent': unknown subcomponent for #pragma component browser,'subcomponent': #pragma 구성 요소 브라우저에 대한 알 수 없는 하위 구성 요소,0
#pragma 'pragma' should only be used at global scope or namespace scope,#pragma 'pragma'는 전역 범위 또는 네임스페이스 범위에서만 사용해야 합니다.,0
case constant 'constant' too big for the type of the switch expression,'constant' case 상수가 switch 식의 형식에는 너무 큽니다.,0
'//*': parsed as '/' and '/*': confusion with standard '//' comments,'//*': '/' 및 '/*'로 구문 분석: 표준 '//' 주석과 혼동,0
qualifier applied to function type has no meaning; ignored,함수 형식에 적용되는 한정자가 의미가 없으므로 무시됩니다.,0
qualifier applied to reference type; ignored,참조 형식에 적용된 한정자; 무시,0
#include nesting level is 'nest_count' deep; possible infinite recursion,#include 중첩 수준은 'nest_count'깊습니다. 가능한 무한 재귀,0
'identifier': missing return type; assumed to be a member function returning 'int','identifier': 반환 형식이 없습니다. 는 'int'를 반환하는 멤버 함수로 간주됩니다.,0
ignoring unknown #import attribute 'attribute',알 수 없는 #import 특성 'attribute'를 무시합니다.,0
#import attribute 'attribute' requires 'argument_count' arguments; ignored,#import 특성 'attribute'에는 'argument_count' 인수가 필요합니다. 무시,0
#import attributes 'attribute1' and 'attribute2' are incompatible; both ignored,#import 특성 'attribute1' 및 'attribute2'는 호환되지 않으므로 모두 무시됩니다.,0
constant expression is not integral,상수 식이 정수 계열이 아닙니다.,0
'identifier': local variable is initialized but not referenced,'identifier': 지역 변수가 초기화되었지만 참조되지 않음,0
"'identifier1' has C-linkage specified, but returns UDT 'identifier2' which is incompatible with C",'identifier1'에 C 링크가 지정되어 있지만 C와 호환되지 않는 UDT 'identifier2'를 반환합니다.,0
'operator/operation': unsafe conversion from 'type_of_expression' to 'type_required'\nCalling this function through the result pointer may cause your program to fail,'operator/operation': 'type_of_expression'에서 'type_required'로 안전하지 않은 변환 \n결과 포인터를 통해 이 함수를 호출하면 프로그램이 실패할 수 있습니다.,0
automatically excluding 'identifier' while importing type library 'library',형식 라이브러리 'library'를 가져오는 동안 자동으로 'identifier'를 제외,0
#pragma warning(pop): no matching '#pragma warning(push)',#pragma warning(pop): 일치하는 '#pragma warning(push)' 없음,0
#pragma start_map_region cannot be nested; ignored,#pragma start_map_region 중첩할 수 없습니다. 무시,0
#pragma stop_map_region used without matching #pragma start_map_region; ignored,#pragma stop_map_region 일치 하지 않고 사용 #pragma start_map_region; 무시,0
expected '%$L' or '%$L'; found '%$L','%$L' 또는 '%$L'이(가) 필요합니다. '%$L'을(를) 찾았습니다.,0
'type': top-level volatile in cast is ignored,'type': 캐스트의 최상위 휘발성이 무시됨,0
%s,%s,0
internal compiler error,내부 컴파일러 오류,1
assignment of constant found in boolean expression,부울 표현식에서 찾은 상수 할당,1
constant out of range; truncated,상수가 범위를 벗어남 잘린,1
missing return value,반환 값 누락,1
base class '%T' does not have a virtual destructor,기본 클래스 '%T'에는 가상 소멸자가 없습니다.,1
pointer or reference truncated,포인터 또는 참조가 잘림,1
"syntax error; probable cause: missing "";""","구문 오류; 가능한 원인: "";"" 누락",1
"""&array"" may not produce intended result","""배열(&A)""이 의도한 결과를 생성하지 않을 수 있습니다.",1
returning address of function argument or of auto or register variable,함수 인수 또는 자동 또는 레지스터 변수의 주소 반환,1
'##' tokens did not generate a single token (rest discarded),'##' 토큰이 단일 토큰을 생성하지 않았습니다(나머지 폐기됨),1
asm directive ignored,asm 지시문이 무시됨,1
all members are private,모든 구성원이 비공개입니다.,1
"template argument cannot be type ""%T""","템플릿 인수는 ""%T"" 유형이 될 수 없습니다.",1
unreachable code,연결할 수 없는 코드,1
no reference to symbol '%S','%S' 기호에 대한 참조가 없습니다.,1
nested comment found in comment started on line %u,%u행에서 시작된 주석에서 중첩된 주석을 찾았습니다.,1
template argument list cannot be empty,템플릿 인수 목록은 비워둘 수 없습니다.,1
label '%s' has not been referenced by a goto,레이블 '%s'이(가) goto에서 참조되지 않았습니다.,1
no reference to anonymous union member '%S',익명의 조합 구성원 '%S'에 대한 참조가 없습니다.,1
"BREAK may only appear in a for, do, while, or switch statement","BREAK는 for, do, while 또는 switch 문에만 나타날 수 있습니다.",1
CASE may only appear in a switch statement,CASE는 switch 문에만 나타날 수 있습니다.,1
"CONTINUE may only appear in a for, do, or while statement","CONTINUE는 for, do 또는 while 문에만 나타날 수 있습니다.",1
DEFAULT may only appear in a switch statement,DEFAULT는 switch 문에만 나타날 수 있습니다.,1
"misplaced ""}"" or missing earlier ""{""","""}""이(가) 잘못 배치되었거나 이전 ""{""이(가) 누락되었습니다.",1
misplaced #elif directive,잘못 배치된 #elif 지시문,1
misplaced #else directive,잘못 배치된 #else 지시문,1
misplaced #endif directive,잘못된 #endif 지시문,1
only one DEFAULT per switch statement is allowed,switch 문당 하나의 DEFAULT만 허용됩니다.,1
expecting '%s' but found '%s','%s'을(를) 예상했지만 '%s'을(를) 찾았습니다.,1
symbol '%N' has not been declared,'%N' 기호가 선언되지 않았습니다.,1
left expression must be a function or a function pointer,왼쪽 표현식은 함수 또는 함수 포인터여야 합니다.,1
operand must be an 'lvalue',피연산자는 'lvalue'여야 합니다.,1
label '%s' already defined,레이블 '%s'이(가) 이미 정의되었습니다.,1
label '%s' is not defined in function,레이블 '%s'이(가) 함수에 정의되어 있지 않습니다.,1
dimension cannot be zero,차원은 0일 수 없습니다.,1
dimension can't be negative,차원은 음수일 수 없습니다.,1
dimensions of multi-dimension array must be specified,다차원 배열의 차원을 지정해야 합니다.,1
invalid storage class for function,기능에 대한 잘못된 스토리지 클래스,1
expression must be 'pointer to ...',표현식은 '...에 대한 포인터'여야 합니다.,1
cannot take address of an rvalue,rvalue의 주소를 사용할 수 없습니다.,1
"expression for '.' must be a class, struct or union","'.'에 대한 표현 클래스, 구조체 또는 공용체여야 합니다.",1
"expression for '->' must be pointer to class, struct or union","'->'에 대한 표현식은 클래스, 구조체 또는 공용체에 대한 포인터여야 합니다.",1
symbol '%S' already defined,기호 '%S'이(가) 이미 정의되었습니다.,1
static function '%S' has not been defined,정적 함수 '%S'이(가) 정의되지 않았습니다.,1
expecting label for goto statement,goto 문에 대한 예상 레이블,1
duplicate case value '%s' found,중복 케이스 값 '%s'을(를) 찾았습니다.,1
bit-field width is too large,비트 필드 너비가 너무 큽니다.,1
width of a named bit-field must not be zero,명명된 비트 필드의 너비는 0이 아니어야 합니다.,1
bit-field width must be positive,비트 필드 너비는 양수여야 합니다.,1
bit-field base type must be an integral type,비트 필드 기본 유형은 정수 유형이어야 합니다.,1
subscript on non-array,비배열의 첨자,1
incomplete comment,불완전한 주석,1
argument for # must be a macro parm,#에 대한 인수는 매크로 매개변수여야 합니다.,1
unknown preprocessing directive '#%s',알 수 없는 전처리 지시문 '#%s',1
invalid #include directive,잘못된 #include 지시문,1
not enough parameters given for macro '%s',매크로 '%s'에 대한 매개변수가 충분하지 않습니다.,1
not expecting a return value,반환 값을 기대하지 않음,1
cannot take address of a bit-field,비트 필드의 주소를 사용할 수 없습니다.,1
expression must be constant,표현식은 일정해야 합니다.,1
unable to open '%s','%s'을(를) 열 수 없습니다,1
too many parameters given for macro '%s',매크로 '%s'에 너무 많은 매개변수가 지정되었습니다.,1
cannot use __based or __far16 pointers in this context,이 컨텍스트에서 __based 또는 __far16 포인터를 사용할 수 없습니다.,1
only one type is allowed in declaration specifiers,선언 지정자에는 하나의 유형만 허용됩니다.,1
out of memory,메모리 부족,1
invalid character constant,잘못된 문자 상수,1
taking address of variable with storage class 'register',스토리지 클래스 '레지스터'가 있는 변수의 주소 가져오기,1
'delete' expression size is not allowed,'삭제' 표현식 크기는 허용되지 않습니다.,1
"ending "" missing for string literal","문자열 리터럴에 ""끝""이 없습니다.",1
invalid option '%s',잘못된 옵션 '%s',1
invalid optimization option '%s',잘못된 최적화 옵션 '%s',1
invalid memory model '%s',잘못된 메모리 모델 '%s',1
expression must be integral,표현식은 정수여야 합니다.,1
expression must be arithmetic,표현식은 산술이어야 합니다.,1
statement required after label,레이블 뒤에 필요한 설명,1
statement required after 'do','do' 뒤에 문이 필요합니다.,1
statement required after 'case','case' 뒤에 필요한 문장,1
statement required after 'default','default' 뒤에 문이 필요합니다.,1
missing matching #endif directive,일치하는 #endif 지시문이 누락되었습니다.,1
"invalid macro definition, missing )","잘못된 매크로 정의, 누락)",1
missing ) for expansion of '%s' macro,'%s' 매크로 확장에 대한 누락),1
%s,%s,1
cannot define an array of functions,함수의 배열을 정의할 수 없습니다,1
function cannot return an array,함수는 배열을 반환할 수 없습니다.,1
function cannot return a function,함수는 함수를 반환할 수 없습니다.,1
function templates can only have type arguments,함수 템플릿은 형식 인수만 가질 수 있습니다.,1
maximum class size has been exceeded,최대 클래스 크기를 초과했습니다.,1
definition of macro '%s' not identical to previous definition,매크로 '%s'의 정의가 이전 정의와 동일하지 않습니다.,1
initialization of '%S' must be in file scope,'%S'의 초기화는 파일 범위에 있어야 합니다.,1
default argument for '%S' declared outside of class definition,클래스 정의 외부에서 선언된 '%S'의 기본 인수,1
## must not be at start or end of replacement tokens,##은 교체 토큰의 시작 또는 끝에 있으면 안 됩니다.,1
invalid floating-point constant,잘못된 부동 소수점 상수,1
'sizeof' is not allowed for a bit-field,'sizeof'는 비트 필드에 사용할 수 없습니다.,1
function '%S' has internal linkage because it is 'inline','%S' 함수는 '인라인'이므로 내부 연결이 있습니다.,1
must use 'va_start' macro inside function with variable arguments,변수 인수가 있는 함수 내에서 'va_start' 매크로를 사용해야 합니다.,1
***FATAL*** %s,***치명적인*** %s,1
internal compiler error %d,내부 컴파일러 오류 %d,1
argument number %d,인수 번호 %d,1
procedure '%s' has invalid return register in #pragma,프로시저 '%s'에 #pragma에 잘못된 반환 레지스터가 있습니다.,1
illegal register modified by '%s' #pragma,잘못된 레지스터가 '%s'에 의해 수정되었습니다. #pragma,1
file must contain at least one external definition,파일은 최소한 하나의 외부 정의를 포함해야 합니다.,1
out of macro space,매크로 공간 부족,1
keyboard interrupt detected,키보드 인터럽트 감지됨,1
duplicate macro parameter '%s',중복 매크로 매개변수 '%s',1
unable to open work file: error code = %d,작업 파일을 열 수 없습니다: 오류 코드 = %d,1
write error on work file: error code = %d,작업 파일에 쓰기 오류: 오류 코드 = %d,1
read error on work file: error code = %d,작업 파일 읽기 오류: 오류 코드 = %d,1
token too long; truncated,토큰이 너무 깁니다. 잘린,1
filename required on command line,명령줄에 필요한 파일 이름,1
command line contains more than one file to compile,명령줄에 컴파일할 파일이 두 개 이상 있습니다.,1
virtual member functions are not allowed in a union,가상 멤버 함수는 공용체에서 허용되지 않습니다.,1
union cannot be used as a base class,공용체는 기본 클래스로 사용할 수 없습니다.,1
union cannot have a base class,공용체는 기본 클래스를 가질 수 없습니다.,1
cannot inherit an undefined base class '%T',정의되지 않은 기본 클래스 '%T'을(를) 상속할 수 없습니다.,1
a repeated direct base class will cause ambiguities,반복되는 직접 기본 클래스는 모호성을 유발합니다.,1
templates may only be declared in file scope,템플릿은 파일 범위에서만 선언할 수 있습니다.,1
linkages may only be declared in file scope,연결은 파일 범위에서만 선언될 수 있습니다.,1
unknown linkage '%s',알 수 없는 연결 '%s',1
too many storage class specifiers,스토리지 클래스 지정자가 너무 많습니다.,1
a nameless declaration is not allowed,이름 없는 선언은 허용되지 않습니다.,1
illegal combination of type specifiers,형식 지정자의 잘못된 조합,1
illegal combination of type qualifiers,형식 한정자의 잘못된 조합,1
syntax error,구문 오류,1
parser stack corrupted,파서 스택이 손상됨,1
template declarations cannot be nested within each other,템플릿 선언은 서로 중첩될 수 없습니다.,1
expression is too complicated,표현이 너무 복잡합니다.,1
invalid redefinition of the typedef name '%S',typedef 이름 '%S'의 잘못된 재정의,1
class '%T' has already been defined,클래스 '%T'이(가) 이미 정의되었습니다.,1
'sizeof' is not allowed for an undefined type,'sizeof'는 정의되지 않은 유형에 대해 허용되지 않습니다.,1
initializer for variable '%S' may not execute,변수 '%S'에 대한 초기화 프로그램이 실행되지 않을 수 있습니다.,1
division by zero in a constant expression,상수 표현식에서 0으로 나누기,1
arithmetic overflow in a constant expression,상수 표현식의 산술 오버플로,1
not enough memory to fully optimize procedure '%s',메모리가 부족하여 '%s' 프로시저를 완전히 최적화할 수 없습니다.,1
not enough memory to maintain full peephole,전체 엿보기 구멍을 유지하기에 메모리가 충분하지 않습니다.,1
too many errors: compilation aborted,너무 많은 오류: 컴파일이 중단되었습니다.,1
too many parm sets,너무 많은 매개변수 집합,1
"'friend', 'virtual' or 'inline' modifiers may only be used on functions","'friend', 'virtual' 또는 'inline' 수정자는 함수에서만 사용할 수 있습니다.",1
more than one calling convention has been specified,둘 이상의 호출 규칙이 지정되었습니다.,1
pure member function constant must be '0',순수 멤버 함수 상수는 '0'이어야 합니다.,1
a 'based' modifier has been repeated,'기반' 수정자가 반복되었습니다.,1
enumeration variable is not assigned a constant from its enumeration,열거형 변수에 열거형에서 상수가 할당되지 않았습니다.,1
bit-field declaration cannot have a storage class specifier,비트 필드 선언은 스토리지 클래스 지정자를 가질 수 없습니다.,1
bit-field declaration must have a base type specified,비트 필드 선언에는 기본 유형이 지정되어야 합니다.,1
illegal qualification of a bit-field declaration,비트 필드 선언의 잘못된 자격,1
duplicate base qualifier,중복 기본 한정자,1
only one access specifier is allowed,하나의 액세스 지정자만 허용됩니다.,1
unexpected type qualifier found,예기치 않은 유형 한정자를 찾았습니다.,1
unexpected storage class specifier found,예기치 않은 스토리지 클래스 지정자를 찾았습니다.,1
access to '%S' is not allowed because it is ambiguous,모호하기 때문에 '%S'에 대한 액세스가 허용되지 않습니다.,1
access to private member '%S' is not allowed,개인 구성원 '%S'에 대한 액세스가 허용되지 않습니다.,1
access to protected member '%S' is not allowed,보호된 멤버 '%S'에 대한 액세스가 허용되지 않습니다.,1
operation does not allow both operands to be pointers,연산에서 두 피연산자가 포인터가 될 수 없습니다.,1
operand is neither a pointer nor an arithmetic type,피연산자가 포인터도 아니고 산술 형식도 아닙니다.,1
left operand is neither a pointer nor an arithmetic type,왼쪽 피연산자는 포인터도 아니고 산술 형식도 아닙니다.,1
right operand is neither a pointer nor an arithmetic type,오른쪽 피연산자는 포인터도 아니고 산술 형식도 아닙니다.,1
cannot subtract a pointer from an arithmetic operand,산술 피연산자에서 포인터를 뺄 수 없습니다.,1
left expression must be arithmetic,왼쪽 표현식은 산술이어야 합니다.,1
right expression must be arithmetic,올바른 표현은 산술이어야 합니다.,1
left expression must be integral,왼쪽 표현식은 정수여야 합니다.,1
right expression must be integral,오른쪽 표현식은 정수여야 합니다.,1
cannot assign a pointer value to an arithmetic item,산술 항목에 포인터 값을 할당할 수 없습니다.,1
attempt to destruct a far object when data model is near,데이터 모델이 가까울 때 멀리 있는 개체를 파괴하려고 시도합니다.,1
attempt to call member function for far object when the data model is near,데이터 모델이 가까울 때 원거리 개체에 대한 멤버 함수 호출 시도,1
template type argument cannot have a default argument,템플릿 유형 인수는 기본 인수를 가질 수 없습니다.,1
attempt to 'delete' a far object when the data model is near,데이터 모델이 가까울 때 멀리 있는 개체를 '삭제'하려고 합니다.,1
"first operand is not a class, struct or union","첫 번째 피연산자가 클래스, 구조체 또는 공용체가 아닙니다.",1
syntax error; class template cannot be processed,구문 오류; 클래스 템플릿을 처리할 수 없습니다,1
cannot convert right pointer to type of left operand,오른쪽 포인터를 왼쪽 피연산자의 유형으로 변환할 수 없습니다.,1
left operand must be an 'lvalue',왼쪽 피연산자는 'lvalue'여야 합니다.,1
static data members are not allowed in a union,정적 데이터 멤버는 공용체에서 허용되지 않습니다.,1
invalid storage class for a member,구성원에 대한 잘못된 저장소 클래스,1
declaration is too complicated,선언이 너무 복잡합니다.,1
exception declaration is too complicated,예외 선언이 너무 복잡합니다.,1
floating-point constant too large to represent,부동 소수점 상수가 너무 커서 표현할 수 없습니다.,1
floating-point constant too small to represent,부동 소수점 상수가 너무 작아 표현할 수 없습니다.,1
class template '%S' cannot be overloaded,클래스 템플릿 '%S'을(를) 오버로드할 수 없습니다.,1
range of enum constants cannot be represented,열거형 상수의 범위를 나타낼 수 없습니다.,1
'%S' cannot be in the same scope as a class template,'%S'는 클래스 템플릿과 같은 범위에 있을 수 없습니다.,1
invalid storage class in file scope,파일 범위의 잘못된 저장소 클래스,1
const object must be initialized,const 개체를 초기화해야 합니다.,1
declaration cannot be in the same scope as class template '%S',선언은 클래스 템플릿 '%S'와 같은 범위에 있을 수 없습니다.,1
template arguments must be named,템플릿 인수의 이름을 지정해야 합니다.,1
class template '%S' is already defined,클래스 템플릿 '%S'이(가) 이미 정의되었습니다.,1
invalid storage class for an argument,인수에 대한 잘못된 스토리지 클래스,1
unions cannot have members with constructors,공용체는 생성자가 있는 구성원을 가질 수 없습니다.,1
statement is too complicated,명령문이 너무 복잡합니다.,1
'%s' is not the name of a class,'%s'은(는) 클래스 이름이 아닙니다.,1
attempt to modify a constant value,상수 값 수정 시도,1
'offsetof' is not allowed for a bit-field,'offsetof'는 비트 필드에 허용되지 않습니다.,1
base class is inherited with private access,기본 클래스가 비공개 액세스로 상속됨,1
overloaded function cannot be selected for arguments used in call,호출에 사용된 인수에 대해 오버로드된 함수를 선택할 수 없습니다.,1
"base operator operands must be "" __segment :> pointer""","기본 연산자 피연산자는 "" __segment :> 포인터""여야 합니다.",1
expression must be a pointer or a zero constant,표현식은 포인터 또는 0 상수여야 합니다.,1
left expression cannot be a pointer to 'void' or to a function,왼쪽 표현식은 'void' 또는 함수에 대한 포인터가 될 수 없습니다.,1
right expression cannot be a pointer to 'void' or to a function,오른쪽 표현식은 'void' 또는 함수에 대한 포인터가 될 수 없습니다.,1
expression cannot be a pointer to 'void' or to a function,표현식은 'void' 또는 함수에 대한 포인터일 수 없습니다.,1
'sizeof' is not allowed for a function,'sizeof'는 함수에 사용할 수 없습니다.,1
'sizeof' is not allowed for a type 'void','sizeof'는 'void' 유형에 대해 허용되지 않습니다.,1
type cannot be defined in this context,이 컨텍스트에서 유형을 정의할 수 없습니다.,1
expression cannot be used as a class template parameter,표현식은 클래스 템플릿 매개변수로 사용할 수 없습니다.,1
premature end-of-file encountered during compilation,컴파일하는 동안 파일 끝이 조기에 발견되었습니다.,1
duplicate case value '%s' after conversion to type of switch expression,switch 식의 유형으로 변환한 후 대소문자 값 '%s'이(가) 중복되었습니다.,1
declaration statement follows an if statement,선언문이 if 문 다음에 나옵니다.,1
declaration statement follows an else statement,선언문이 else 문 다음에 옵니다.,1
declaration statement follows a switch statement,선언문이 switch 문 다음에 나옵니다.,1
'this' pointer is not defined,'이' 포인터가 정의되지 않았습니다.,1
declaration statement cannot follow a while statement,선언문은 while문 다음에 올 수 없습니다.,1
declaration statement cannot follow a do statement,선언문은 do문 다음에 올 수 없습니다.,1
declaration statement cannot follow a for statement,선언문은 for문 다음에 올 수 없습니다.,1
pointer to virtual base class converted to pointer to derived class,파생 클래스에 대한 포인터로 변환된 가상 기본 클래스에 대한 포인터,1
cannot use far pointer in this context,이 컨텍스트에서 원거리 포인터를 사용할 수 없습니다.,1
returning reference to function argument or to auto or register variable,함수 인수 또는 자동 또는 등록 변수에 대한 참조 반환,1
#pragma attributes for '%S' may be inconsistent,'%S'에 대한 #pragma 속성이 일치하지 않을 수 있습니다.,1
function arguments cannot be of type 'void',함수 인수는 'void' 유형일 수 없습니다.,1
class template requires more parameters for instantiation,클래스 템플릿은 인스턴스화를 위해 더 많은 매개변수가 필요합니다.,1
class template requires less parameters for instantiation,클래스 템플릿은 인스턴스화에 필요한 매개변수가 적습니다.,1
no declared 'operator new' has arguments that match,선언된 '새로운 연산자'에 일치하는 인수가 없습니다.,1
wide character string concatenated with a simple character string,단순 문자열과 연결된 와이드 문자열,1
'offsetof' is not allowed for a static member,'offsetof'는 정적 멤버에 대해 허용되지 않습니다.,1
cannot define an array of 'void','void' 배열을 정의할 수 없습니다.,1
cannot define an array of references,참조 배열을 정의할 수 없습니다.,1
cannot define a reference to 'void','void'에 대한 참조를 정의할 수 없습니다.,1
cannot define a reference to another reference,다른 참조에 대한 참조를 정의할 수 없습니다.,1
cannot define a pointer to a reference,참조에 대한 포인터를 정의할 수 없습니다.,1
cannot initialize array with 'operator new','새로운 연산자'로 배열을 초기화할 수 없습니다.,1
'%N' is a variable of type 'void','%N'은 'void' 유형의 변수입니다.,1
cannot define a member pointer to a reference,참조에 대한 멤버 포인터를 정의할 수 없습니다.,1
function '%S' is not distinct,함수 '%S'이(가) 구별되지 않습니다.,1
overloaded function is ambiguous for arguments used in call,오버로드된 함수가 호출에 사용된 인수에 대해 모호합니다.,1
declared 'operator new' is ambiguous for arguments used,선언된 '새로운 연산자'가 사용된 인수에 대해 모호합니다.,1
function '%S' has already been defined,함수 '%S'이(가) 이미 정의되었습니다.,1
expression on left is an array,왼쪽의 표현식은 배열입니다.,1
user-defined conversion has a return type,사용자 정의 변환에 반환 유형이 있습니다.,1
user-defined conversion must be a function,사용자 정의 변환은 함수여야 합니다.,1
user-defined conversion has an argument list,사용자 정의 변환에 인수 목록이 있습니다.,1
destructor has a return type,소멸자에 반환 유형이 있습니다.,1
destructor must be a function,소멸자는 함수여야 합니다.,1
destructor has an argument list,소멸자에 인수 목록이 있습니다.,1
'%N' must be a function,'%N'은(는) 함수여야 합니다.,1
'%N' is not a function,'%N'은(는) 함수가 아닙니다.,1
nested type 'class %s' has not been declared,중첩 유형 '클래스 %s'이(가) 선언되지 않았습니다.,1
'enum %s' has not been declared,'열거 %s'이(가) 선언되지 않았습니다.,1
'class %s' has not been declared,'클래스 %s'이(가) 선언되지 않았습니다.,1
only one initializer argument allowed for a scalar type,스칼라 유형에 대해 하나의 초기화 인수만 허용됨,1
default arguments are not part of a function's type,기본 인수가 함수 유형의 일부가 아닙니다.,1
missing default arguments,누락된 기본 인수,1
overloaded operator cannot have default arguments,오버로드된 연산자는 기본 인수를 가질 수 없습니다.,1
left expression is not a pointer to a constant object,왼쪽 식은 상수 개체에 대한 포인터가 아닙니다.,1
cannot redefine default argument for '%S','%S'에 대한 기본 인수를 재정의할 수 없습니다.,1
using default arguments would be overload ambiguous with '%S',기본 인수를 사용하면 '%S'로 모호한 오버로드가 발생합니다.,1
using default arguments would be overload ambiguous with '%S' using default arguments,기본 인수를 사용하면 기본 인수를 사용하는 '%S'로 모호한 오버로드가 발생합니다.,1
missing default argument for '%S','%S'에 대한 기본 인수가 없습니다.,1
enum references must have an identifier,열거형 참조에는 식별자가 있어야 합니다.,1
class declaration has not been seen for '~%s','~%s'에 대한 클래스 선언을 볼 수 없습니다.,1
a '::' qualifier cannot be used in this context,이 컨텍스트에서는 '::' 한정자를 사용할 수 없습니다.,1
'%S' has not been declared as a member,'%S'은(는) 구성원으로 선언되지 않았습니다.,1
default argument expression cannot use function argument '%S',기본 인수 표현식은 함수 인수 '%S'를 사용할 수 없습니다.,1
default argument expression cannot use local variable '%S',기본 인수 표현식은 지역 변수 '%S'를 사용할 수 없습니다.,1
access declarations may only be 'public' or 'protected',액세스 선언은 '공개' 또는 '보호'만 가능합니다.,1
cannot declare both a function and variable of the same name ('%N'),같은 이름('%N')의 함수와 변수를 둘 다 선언할 수 없습니다.,1
class in access declaration ('%T') must be a direct base class,액세스 선언의 클래스('%T')는 직접 기본 클래스여야 합니다.,1
overloaded functions ('%N') do not have the same access,오버로드된 함수('%N')에는 동일한 액세스 권한이 없습니다.,1
cannot grant access to '%N','%N'에 대한 액세스 권한을 부여할 수 없습니다.,1
cannot reduce access to '%N','%N'에 대한 액세스를 줄일 수 없습니다.,1
nested class '%N' has not been defined,중첩 클래스 '%N'이(가) 정의되지 않았습니다.,1
user-defined conversion must be a non-static member function,사용자 정의 변환은 비정적 멤버 함수여야 합니다.,1
destructor must be a non-static member function,소멸자는 비정적 멤버 함수여야 합니다.,1
'%N' must be a non-static member function,'%N'은(는) 정적이 아닌 멤버 함수여야 합니다.,1
'%N' must have one argument,'%N'에는 하나의 인수가 있어야 합니다.,1
'%N' must have two arguments,'%N'에는 두 개의 인수가 있어야 합니다.,1
'%N' must have either one argument or two arguments,'%N'에는 하나의 인수 또는 두 개의 인수가 있어야 합니다.,1
'%N' must have at least one argument,'%N'에는 최소한 하나의 인수가 있어야 합니다.,1
'%N' must have a return type of 'void','%N'은(는) 반환 유형이 'void'여야 합니다.,1
'%N' must have a return type of 'void *','%N'은(는) 'void *'의 반환 유형을 가져야 합니다.,1
the first argument of '%N' must be of type 'size_t','%N'의 첫 번째 인수는 'size_t' 유형이어야 합니다.,1
the first argument of '%N' must be 'void *','%N'의 첫 번째 인수는 '무효 *'여야 합니다.,1
the second argument of '%N' must be of type 'size_t','%N'의 두 번째 인수는 'size_t' 유형이어야 합니다.,1
the second argument of 'operator ++' or 'operator --' must be 'int','연산자 ++' 또는 '연산자 --'의 두 번째 인수는 'int'여야 합니다.,1
return type of '%S' must allow the '->' operator tobe applied,'%S'의 반환 유형은 '->' 연산자를 적용할 수 있어야 합니다.,1
'%N' must take at least one argument of a class/enum or a reference to a class/enum,'%N'은(는) 클래스/열거형 또는 클래스/열거형에 대한 참조를 하나 이상 가져와야 합니다.,1
too many initializers,너무 많은 초기화 프로그램,1
too many initializers for character string,문자열에 대한 초기화 프로그램이 너무 많습니다.,1
expecting '%s' but found expression,'%s'을(를) 예상했지만 표현식을 찾았습니다.,1
anonymous struct/union member '%N' cannot be declared in this class,이 클래스에서 익명 구조체/공집합 멤버 '%N'을(를) 선언할 수 없습니다.,1
unexpected '%s' during initialization,초기화하는 동안 예기치 않은 '%s',1
nested type '%N' cannot be declared in this class,이 클래스에서 중첩 형식 '%N'을(를) 선언할 수 없습니다.,1
enumerator '%N' cannot be declared in this class,이 클래스에서 열거자 '%N'을(를) 선언할 수 없습니다.,1
static member '%N' cannot be declared in this class,이 클래스에서 정적 멤버 '%N'을(를) 선언할 수 없습니다.,1
a constructor cannot have a return type,생성자는 반환 형식을 가질 수 없습니다.,1
a constructor cannot be a static member,생성자는 정적 멤버가 될 수 없습니다.,1
invalid copy constructor argument list (causes infinite recursion),유효하지 않은 복사 생성자 인수 목록(무한 재귀 발생),1
a constructor cannot be declared 'const' or 'volatile',생성자는 'const' 또는 'volatile'로 선언될 수 없습니다.,1
a constructor cannot be 'virtual',생성자는 '가상'일 수 없습니다.,1
types do not match in simple type destructor,단순 유형 소멸자에서 유형이 일치하지 않습니다.,1
overloaded operator is ambiguous for operands used,오버로드된 연산자가 사용된 피연산자에 대해 모호합니다.,1
feature not implemented,기능이 구현되지 않음,1
invalid friend declaration,잘못된 친구 선언,1
friend declarations may only be declared in a class,친구 선언은 클래스에서만 선언될 수 있습니다.,1
class friend declaration needs 'class' or 'struct' keyword,클래스 친구 선언에는 'class' 또는 'struct' 키워드가 필요합니다.,1
class friend declarations cannot contain a class definition,클래스 친구 선언은 클래스 정의를 포함할 수 없습니다.,1
'%T' has already been declared as a friend,'%T'은(는) 이미 친구로 선언되었습니다.,1
function '%S' has already been declared as a friend,함수 '%S'은(는) 이미 친구로 선언되었습니다.,1
"'friend', 'virtual' or 'inline' modifiers are not part of a function's type","'friend', 'virtual' 또는 'inline' 수정자는 함수 유형의 일부가 아닙니다.",1
cannot assign right expression to element on left,왼쪽 요소에 오른쪽 표현식을 할당할 수 없습니다.,1
constructor is ambiguous for operands used,사용된 피연산자에 대해 생성자가 모호합니다.,1
'class %s' has not been defined,'클래스 %s'이(가) 정의되지 않았습니다.,1
all bit-fields in a union must be named,공용체의 모든 비트 필드 이름을 지정해야 합니다.,1
cannot convert expression to type of cast,표현식을 캐스트 유형으로 변환할 수 없습니다.,1
conversion ambiguity: [expression] to [cast type],변환 모호성: [표현식]에서 [캐스트 유형]으로,1
an anonymous class without a declarator is useless,선언자가 없는 익명 클래스는 쓸모가 없습니다.,1
global anonymous union must be declared 'static',전역 익명 공용체는 '정적'으로 선언되어야 합니다.,1
anonymous struct/union cannot have storage class in this context,익명 구조체/공용체는 이 컨텍스트에서 스토리지 클래스를 가질 수 없습니다.,1
union contains a 'protected' member,조합에 '보호된' 구성원이 있습니다.,1
anonymous struct/union contains a private member '%S',익명 구조체/공용체에 개인 멤버 '%S'이(가) 포함되어 있습니다.,1
anonymous struct/union contains a function member '%S',익명 구조체/공용체에 함수 멤버 '%S'이(가) 포함되어 있습니다.,1
anonymous struct/union contains a typedef member '%S',익명 구조체/공용체에 typedef 멤버 '%S'이(가) 포함되어 있습니다.,1
anonymous struct/union contains an enumeration member '%S',익명 구조체/공용체에 열거형 멤버 '%S'이(가) 포함되어 있습니다.,1
anonymous struct/union member '%s' is not distinct in enclosing scope,익명 구조체/공용체 멤버 '%s'은(는) 둘러싸는 범위에서 구별되지 않습니다.,1
unions cannot have members with destructors,공용체는 소멸자가 있는 구성원을 가질 수 없습니다.,1
unions cannot have members with user-defined assignment operators,공용체는 사용자 정의 할당 연산자가 있는 구성원을 가질 수 없습니다.,1
anonymous struct/union cannot have any friends,익명 구조체/공용체는 친구를 가질 수 없습니다.,1
specific versions of template classes can only be defined in file scope,템플릿 클래스의 특정 버전은 파일 범위에서만 정의할 수 있습니다.,1
anonymous union in a function may only be 'static' or 'auto',함수의 익명 합집합은 '정적' 또는 '자동'일 수 있습니다.,1
static data members are not allowed in a local class,정적 데이터 멤버는 로컬 클래스에서 허용되지 않습니다.,1
conversion ambiguity: [return value] to [return type of function],변환 모호성: [반환 값]에서 [함수의 반환 유형]으로,1
conversion of return value is impossible,반환 값의 변환이 불가능합니다.,1
function cannot return a pointer based on __self,함수는 __self를 기반으로 하는 포인터를 반환할 수 없습니다.,1
defining '%S' is not possible because its type has unknown size,유형이 알 수 없는 크기 때문에 '%S'을(를) 정의할 수 없습니다.,1
a typedef cannot be initialized,typedef를 초기화할 수 없습니다.,1
storage class of '%S' conflicts with previous declaration,'%S'의 스토리지 클래스가 이전 선언과 충돌합니다.,1
modifiers of '%S' conflict with previous declaration,'%S' 수정자가 이전 선언과 충돌합니다.,1
a function cannot be initialized,함수를 초기화할 수 없습니다.,1
access permission of nested class '%T' conflicts with previous declaration,중첩 클래스 '%T'의 액세스 권한이 이전 선언과 충돌합니다.,1
*** FATAL *** internal error in front end,*** 치명적 *** 프런트 엔드 내부 오류,1
cannot convert argument to type specified in function prototype,함수 프로토타입에 지정된 형식으로 인수를 변환할 수 없습니다.,1
conversion ambiguity: [argument] to [argument type in prototype],변환 모호성: [인수]에서 [프로토타입의 인수 유형]으로,1
cannot be based on based pointer '%S',기반 포인터 '%S'을(를) 기반으로 할 수 없습니다.,1
declaration specifiers are required to declare '%N','%N'을(를) 선언하려면 선언 지정자가 필요합니다.,1
nested functions are not allowed,중첩된 함수는 허용되지 않습니다.,1
cannot define a __based reference,__기반 참조를 정의할 수 없습니다,1
conversion ambiguity: conversion to common pointer type,변환 모호성: 공통 포인터 유형으로의 변환,1
cannot construct object from argument(s),인수에서 개체를 구성할 수 없습니다.,1
number of arguments for function '%S' is incorrect,함수 '%S'의 인수 수가 잘못되었습니다.,1
private base class accessed to convert cast expression,캐스트 표현식을 변환하기 위해 액세스한 개인용 기본 클래스,1
private base class accessed to convert return expression,반환 식을 변환하기 위해 액세스한 비공개 기본 클래스,1
cannot subtract pointers to different objects,다른 개체에 대한 포인터를 뺄 수 없습니다.,1
private base class accessed to convert to common pointer type,공용 포인터 유형으로 변환하기 위해 액세스한 개인용 기본 클래스,1
protected base class accessed to convert cast expression,캐스트 표현식을 변환하기 위해 액세스된 보호된 기본 클래스,1
protected base class accessed to convert return expression,반환 식을 변환하기 위해 액세스된 보호된 기본 클래스,1
cannot define a member pointer with a memory model modifier,메모리 모델 수정자로 멤버 포인터를 정의할 수 없습니다.,1
protected base class accessed to convert to common pointer type,공통 포인터 유형으로 변환하기 위해 액세스된 보호된 기본 클래스,1
non-type parameter supplied for a type argument,유형 인수에 대해 유형이 아닌 매개변수가 제공됨,1
type parameter supplied for a non-type argument,유형이 아닌 인수에 유형 매개변수가 제공됨,1
cannot access enclosing function's auto variable '%S',둘러싸는 함수의 자동 변수 '%S'에 액세스할 수 없습니다.,1
cannot initialize pointer to non-constant with a pointer to constant,상수에 대한 포인터로 상수가 아닌 것에 대한 포인터를 초기화할 수 없습니다.,1
unsigned or pointer expression is always >= 0,부호 없는 또는 포인터 표현식은 항상 >= 0입니다.,1
unsigned or pointer expression is never < 0,부호가 없거나 포인터 식이 절대 <0이 아닙니다.,1
a type cannot be used in this context,이 컨텍스트에서는 형식을 사용할 수 없습니다.,1
a virtual function may only be declared in a class,가상 함수는 클래스에서만 선언될 수 있습니다.,1
'%T' referenced as a union,공용체로 참조된 '%T',1
'union %T' referenced as a class,클래스로 참조된 'union %T',1
cannot define a pointer to an array of unknown dimension,알 수 없는 차원의 배열에 대한 포인터를 정의할 수 없습니다.,1
function members must be inline in a local class,함수 멤버는 로컬 클래스에서 인라인이어야 합니다.,1
a local class can only have its containing function as a friend,로컬 클래스는 포함하는 기능을 친구로만 가질 수 있습니다.,1
local class cannot have '%S' as a friend,지역 클래스는 '%S'을(를) 친구로 가질 수 없습니다.,1
"adjacent !=, >=, <=, >, < operators","인접한 !=, >=, <=, >, < 연산자",1
cannot access enclosing function's argument '%S',둘러싸는 함수의 인수 '%S'에 액세스할 수 없습니다.,1
support for switch '%s' is not implemented,스위치 '%s'에 대한 지원이 구현되지 않았습니다.,1
conditional expression in if statement is always true,if 문의 조건식은 항상 true입니다.,1
conditional expression in if statement is always false,if 문의 조건식은 항상 false입니다.,1
selection expression in switch statement is a constant value,switch 문의 선택 식이 상수 값입니다.,1
a constructor is required for a class with a const member,const 멤버가 있는 클래스에는 생성자가 필요합니다.,1
a constructor is required for a class with a reference member,참조 멤버가 있는 클래스에 생성자가 필요합니다.,1
inline member friend function '%S' is not allowed,인라인 멤버 친구 함수 '%S'은(는) 허용되지 않습니다.,1
memory model modifiers are not allowed for auto variables,메모리 모델 수정자는 자동 변수에 허용되지 않습니다.,1
object (or object pointer) required to access non-static data member,비정적 데이터 멤버에 액세스하는 데 필요한 개체(또는 개체 포인터),1
user-defined conversion has not been declared,사용자 정의 변환이 선언되지 않았습니다.,1
a virtual function must be a non-static member function,가상 함수는 비정적 멤버 함수여야 합니다.,1
protected base class accessed to convert argument expression,인수 표현식을 변환하기 위해 액세스된 보호된 기본 클래스,1
private base class accessed to convert argument expression,인수 표현식을 변환하기 위해 액세스한 비공개 기본 클래스,1
'delete' expression will invoke a non-virtual destructor,'delete' 식은 비가상 소멸자를 호출합니다.,1
'offsetof' is not allowed for a function,'offsetof'는 함수에 사용할 수 없습니다.,1
'offsetof' is not allowed for an enumeration,열거형에 'offsetof'를 사용할 수 없습니다.,1
'offsetof' is not allowed for second operand,'offsetof'는 두 번째 피연산자에 사용할 수 없습니다.,1
'offsetof' isn't allowed for an undefined type,'offsetof'는 정의되지 않은 유형에 대해 허용되지 않습니다.,1
attempt to override virtual function '%S' with a different return type,다른 반환 유형으로 가상 함수 '%S'을(를) 재정의하려고 시도했습니다.,1
attempt to overload function '%S' with a different return type,다른 반환 유형으로 함수 '%S'을(를) 오버로드하려고 시도했습니다.,1
attempt to use pointer to undefined class,정의되지 않은 클래스에 대한 포인터 사용 시도,1
expression is useful only for its side effects,표현은 부작용에만 유용합니다.,1
integral constant will be truncated during assignment or initialization,할당 또는 초기화 중에 정수 상수가 잘립니다.,1
integral value may be truncated during assignment or initialization,할당 또는 초기화 중에 정수 값이 잘릴 수 있습니다.,1
cannot generate default constructor to initialize '%T' since constructors were declared,생성자가 선언되었으므로 '%T'을(를) 초기화하기 위한 기본 생성자를 생성할 수 없습니다.,1
assignment found in boolean expression,부울 식에서 할당을 찾았습니다.,1
'%F' defined %L,'%F' 정의된 %L,1
included from %F(%L),%F(%L)에서 포함됨,1
reference object must be initialized,참조 개체를 초기화해야 합니다.,1
identifiers that contain a double underscore '__' should be avoided ('%N'),이중 밑줄 '__'을 포함하는 식별자는 피해야 합니다('%N').,1
'main' cannot be overloaded,'메인'을 오버로드할 수 없습니다.,1
a 'new' expression cannot allocate a 'void','new' 표현식은 'void'를 할당할 수 없습니다.,1
a 'new' expression cannot allocate a function,'새' 식은 함수를 할당할 수 없습니다.,1
'new' expression allocates a 'const' or 'volatile' object,'new' 표현식은 'const' 또는 'volatile' 개체를 할당합니다.,1
cannot convert right expression for initialization,초기화를 위한 올바른 표현식을 변환할 수 없습니다.,1
conversion ambiguity: [initialization expression] to [type of object],변환 모호성: [초기화 표현식]에서 [객체 유형]으로,1
class template '%S' has already been declared as a friend,클래스 템플릿 '%S'은(는) 이미 친구로 선언되었습니다.,1
private base class accessed to convert initialization expression,초기화 식을 변환하기 위해 액세스한 비공개 기본 클래스,1
protected base class accessed to convert initialization expression,초기화 식을 변환하기 위해 액세스된 보호된 기본 클래스,1
cannot return a pointer or reference to a constant object,상수 개체에 대한 포인터나 참조를 반환할 수 없습니다.,1
cannot pass a pointer or reference to a constant object,상수 개체에 대한 포인터 또는 참조를 전달할 수 없습니다.,1
class templates must be named,클래스 템플릿의 이름을 지정해야 합니다.,1
function templates can only name functions,함수 템플릿은 함수의 이름만 지정할 수 있습니다.,1
template argument '%S' is not used in the function argument list,템플릿 인수 '%S'은(는) 함수 인수 목록에서 사용되지 않습니다.,1
destructor cannot be declared 'const' or 'volatile',소멸자를 'const' 또는 'volatile'로 선언할 수 없습니다.,1
static member function cannot be declared 'const' or 'volatile',정적 멤버 함수는 'const' 또는 'volatile'로 선언할 수 없습니다.,1
only member functions can be declared 'const' or 'volatile',멤버 함수만 'const' 또는 'volatile'로 선언할 수 있습니다.,1
'const' or 'volatile' modifiers are not part of a function's type,'const' 또는 'volatile' 수정자는 함수 유형의 일부가 아닙니다.,1
type cannot be defined in an argument,인수에 유형을 정의할 수 없습니다.,1
type cannot be defined or declared in a return type,반환 형식에서 형식을 정의하거나 선언할 수 없습니다.,1
data members cannot be initialized inside a class definition,클래스 정의 내에서 데이터 멤버를 초기화할 수 없습니다.,1
only virtual functions may be declared pure,가상 함수만 순수로 선언할 수 있습니다.,1
destructor is not declared in its proper class,소멸자가 적절한 클래스에서 선언되지 않았습니다.,1
cannot call non-const function for a constant object,상수 개체에 대해 비 const 함수를 호출할 수 없습니다.,1
a memory initializer list may only appear in a constructor definition,메모리 이니셜라이저 목록은 생성자 정의에만 나타날 수 있습니다.,1
cannot initialize member '%N' twice,멤버 '%N'을(를) 두 번 초기화할 수 없습니다.,1
cannot initialize base class '%T' twice,기본 클래스 '%T'을(를) 두 번 초기화할 수 없습니다.,1
'%T' is not a direct base class,'%T'은(는) 직접적인 기본 클래스가 아닙니다.,1
'%N' cannot be initialized because it is not a member,'%N'은(는) 구성원이 아니므로 초기화할 수 없습니다.,1
'%N' cannot be initialized because it is a member function,'%N'은(는) 멤버 함수이므로 초기화할 수 없습니다.,1
'%N' cannot be initialized because it is a static member,'%N'은(는) 정적 멤버이므로 초기화할 수 없습니다.,1
'%N' has not been declared as a member,'%N'은(는) 구성원으로 선언되지 않았습니다.,1
member '%S' does not have an initializer,멤버 '%S'에 이니셜라이저가 없습니다.,1
abstract class '%T' cannot be used as an argument type,추상 클래스 '%T'는 인수 형식으로 사용할 수 없습니다.,1
abstract class '%T' cannot be used as a function return type,추상 클래스 '%T'는 함수 반환 형식으로 사용할 수 없습니다.,1
defining '%S' is not possible because '%T' is an abstract class,'%T'는 추상 클래스이기 때문에 '%S'를 정의할 수 없습니다.,1
cannot convert to an abstract class '%T',추상 클래스 '%T'로 변환할 수 없습니다.,1
mangled name for '%S' has been truncated,'%S'의 이름이 잘렸습니다.,1
cannot convert to a type of unknown size,알 수 없는 크기 유형으로 변환할 수 없습니다.,1
cannot convert a type of unknown size,알 수 없는 크기의 유형을 변환할 수 없습니다.,1
cannot construct an abstract class '%T',추상 클래스 '%T'을(를) 구성할 수 없습니다.,1
cannot construct an undefined class '%T',정의되지 않은 클래스 '%T'을(를) 구성할 수 없습니다.,1
string literal concatenated during array initialization,배열 초기화 중에 연결된 문자열 리터럴,1
maximum size of segment '%s' has been exceeded for '%S',세그먼트 '%s'의 최대 크기가 '%S'에 대해 초과되었습니다.,1
maximum data item size has been exceeded for '%S','%S'에 대한 최대 데이터 항목 크기를 초과했습니다.,1
a function attribute has been repeated,함수 속성이 반복되었습니다.,1
a modifier has been repeated,수정자가 반복되었습니다.,1
illegal combination of memory model modifiers,메모리 모델 수정자의 잘못된 조합,1
argument name '%N' has already been used,인수 이름 '%N'이(가) 이미 사용되었습니다.,1
function definition for '%S' must be declared with an explicit argument list,'%S'에 대한 함수 정의는 명시적 인수 목록과 함께 선언되어야 합니다.,1
user-defined conversion cannot return its own class,사용자 정의 변환은 자체 클래스를 반환할 수 없습니다.,1
#pragma contains too many bytes,#pragma에 너무 많은 바이트가 포함되어 있습니다.,1
expecting identifier,식별자 예상,1
symbol '%S' does not have a segment associated with it,기호 '%S'에는 연결된 세그먼트가 없습니다.,1
symbol '%S' must have integral or pointer type,기호 '%S'에는 정수 또는 포인터 유형이 있어야 합니다.,1
symbol '%S' cannot be accessed in all contexts,모든 컨텍스트에서 '%S' 기호에 액세스할 수 없습니다.,1
cannot convert class expression to be copied,복사할 클래스 표현식을 변환할 수 없습니다.,1
conversion ambiguity: multiple copy constructors,변환 모호성: 여러 복사 생성자,1
function template '%S' already has a definition,함수 템플릿 '%S'에 이미 정의가 있습니다.,1
function templates cannot have default arguments,함수 템플릿은 기본 인수를 가질 수 없습니다.,1
'main' cannot be a function template,'main'은 함수 템플릿이 될 수 없습니다.,1
'%S' was previously declared as a typedef,'%S'은(는) 이전에 typedef로 선언되었습니다.,1
'%S' was previously declared as a variable/function,'%S'는 이전에 변수/함수로 선언되었습니다.,1
private base class accessed to convert assignment expression,할당 식을 변환하기 위해 액세스한 비공개 기본 클래스,1
protected base class accessed to convert assignment expression,할당 식을 변환하기 위해 액세스된 보호된 기본 클래스,1
maximum size of DGROUP has been exceeded for '%S' in segment '%s',세그먼트 '%s'의 '%S'에 대한 DGROUP의 최대 크기를 초과했습니다.,1
type of return value is not the enumeration type of function,반환 값의 유형이 함수의 열거 유형이 아닙니다.,1
linkage must be first in a declaration; probable cause: missing ';',연결은 선언에서 첫 번째여야 합니다. 가능한 원인: ';' 누락,1
'main' cannot be a static function,'메인'은 정적 함수일 수 없습니다.,1
'main' cannot be an inline function,'main'은 인라인 함수가 될 수 없습니다.,1
'main' cannot be referenced,'주'를 참조할 수 없습니다.,1
cannot call a non-volatile function for a volatile object,휘발성 개체에 대한 비휘발성 함수를 호출할 수 없습니다.,1
cannot convert pointer to constant or volatile objects to 'void*',상수 또는 휘발성 개체에 대한 포인터를 'void*'로 변환할 수 없습니다.,1
cannot convert pointer to constant or non-volatile objects to 'volatile void*',상수 또는 비휘발성 개체에 대한 포인터를 '휘발성 무효*'로 변환할 수 없습니다.,1
address of function is too large to be converted to 'void*',함수의 주소가 너무 커서 'void*'로 변환할 수 없습니다.,1
address of data object is too large to be converted to 'void*',데이터 개체의 주소가 너무 커서 'void*'로 변환할 수 없습니다.,1
expression with side effect in 'sizeof' discarded,'sizeof'에 부작용이 있는 표현식이 삭제되었습니다.,1
function argument(s) do not match those in prototype,함수 인수가 프로토타입의 인수와 일치하지 않습니다.,1
conversion ambiguity: [expression] to [class object],변환 모호성: [표현식]에서 [클래스 개체]로,1
cannot assign right expression to class object,클래스 개체에 올바른 표현을 할당할 수 없습니다.,1
argument count is %d since there is an implicit 'this' argument,암시적 'this' 인수가 있으므로 인수 개수는 %d입니다.,1
argument count is %d since there is no implicit 'this' argument,암시적 'this' 인수가 없기 때문에 인수 개수는 %d입니다.,1
argument count is %d for a non-member function,비멤버 함수에 대한 인수 개수는 %d입니다.,1
conversion ambiguity: multiple copy constructors to copy array '%S',변환 모호성: 배열 '%S'를 복사하기 위한 여러 복사 생성자,1
variable/function has the same name as the class/enum '%S',변수/함수는 클래스/열거 '%S'과(와) 같은 이름을 가집니다.,1
class/enum has the same name as the function/variable '%S',클래스/열거형은 함수/변수 '%S'과(와) 같은 이름을 가집니다.,1
cannot create a default constructor,기본 생성자를 만들 수 없습니다.,1
attempting to access default constructor for %T,%T의 기본 생성자에 액세스하려고 합니다.,1
cannot align symbol '%S' to segment boundary,기호 '%S'을(를) 세그먼트 경계에 정렬할 수 없습니다.,1
friend declaration does not specify a class or function,친구 선언이 클래스나 함수를 지정하지 않습니다.,1
cannot take address of overloaded function,오버로드된 함수의 주소를 사용할 수 없습니다.,1
cannot use address of overloaded function as a variable argument,오버로드된 함수의 주소를 변수 인수로 사용할 수 없습니다.,1
'%N' cannot be overloaded,'%N'은(는) 오버로드할 수 없습니다.,1
symbol '%S' has already been initialized,기호 '%S'은(는) 이미 초기화되었습니다.,1
'delete' expression is a pointer to a function,'삭제' 식은 함수에 대한 포인터입니다.,1
cannot delete pointer to constant data,상수 데이터에 대한 포인터를 삭제할 수 없습니다.,1
'delete' expression is not a pointer to data,'삭제' 식은 데이터에 대한 포인터가 아닙니다.,1
template argument is not a constant expression,템플릿 인수가 상수 표현식이 아닙니다.,1
template argument is not an external linkage symbol,템플릿 인수가 외부 연결 기호가 아닙니다.,1
conversion of const reference to volatile reference,const 참조를 휘발성 참조로 변환,1
conversion of volatile reference to const reference,휘발성 참조를 const 참조로 변환,1
conversion of const or volatile reference to plain reference,const 또는 volatile 참조를 일반 참조로 변환,1
syntax error before '%s'; probable cause: incorrectly spelled type name,'%s' 앞에 구문 오류가 있습니다. 가능한 원인: 철자가 잘못된 유형 이름,1
object (or object pointer) required to access non-static member function,비정적 멤버 함수에 액세스하는 데 필요한 개체(또는 개체 포인터),1
object (or object pointer) cannot be used to access function,개체(또는 개체 포인터)를 사용하여 기능에 액세스할 수 없습니다.,1
object (or object pointer) cannot be used to access data,개체(또는 개체 포인터)를 사용하여 데이터에 액세스할 수 없습니다.,1
cannot access member function in enclosing class,둘러싸는 클래스의 멤버 함수에 액세스할 수 없습니다.,1
cannot access data member in enclosing class,둘러싸는 클래스의 데이터 멤버에 액세스할 수 없습니다.,1
syntax error before type name '%s',유형 이름 '%s' 앞에 구문 오류가 있습니다.,1
implementation restriction: cannot generate thunk from '%S' to '%S',구현 제한: '%S'에서 '%S'(으)로의 썽크를 생성할 수 없습니다.,1
conversion of __based( void ) pointer to virtual base class,가상 기본 클래스에 대한 __based( void ) 포인터 변환,1
class for left operand is not derived from class for right operand,왼쪽 피연산자의 클래스가 오른쪽 피연산자의 클래스에서 파생되지 않았습니다.,1
conversion ambiguity: [pointer to class member] to [assignment object],변환 모호성: [클래스 구성원에 대한 포인터]에서 [할당 개체]로,1
conversion of pointer to class member involves a private base class,클래스 멤버에 대한 포인터 변환에는 개인 기본 클래스가 포함됩니다.,1
conversion of pointer to class member involves a protected base class,보호된 기본 클래스가 포함된 클래스 멤버에 대한 포인터 변환,1
item is neither a non-static member function nor data member,항목이 비정적 멤버 함수도 데이터 멤버도 아닙니다.,1
function address cannot be converted to pointer to class member,함수 주소를 클래스 멤버에 대한 포인터로 변환할 수 없습니다.,1
conversion ambiguity: [address of function] to [pointer to class member],변환 모호성: [함수의 주소]에서 [클래스 멤버에 대한 포인터]로,1
addressed function is in a private base class,주소가 지정된 기능이 전용 기본 클래스에 있습니다.,1
addressed function is in a protected base class,주소 지정된 기능이 보호된 기본 클래스에 있습니다.,1
class for object is not defined,개체에 대한 클래스가 정의되지 않았습니다.,1
left expression is not a class object,왼쪽 식은 클래스 개체가 아닙니다.,1
right expression is not a pointer to class member,오른쪽 표현식은 클래스 멤버에 대한 포인터가 아닙니다.,1
cannot convert pointer to class of member pointer,포인터를 멤버 포인터의 클래스로 변환할 수 없습니다.,1
conversion ambiguity: [pointer] to [class of pointer to class member],변환 모호성: [포인터]에서 [클래스 멤버에 대한 포인터 클래스]로,1
conversion of pointer to class of member pointer involves a private base class,포인터를 멤버 포인터의 클래스로 변환하는 데 개인 기본 클래스가 포함됩니다.,1
conversion of pointer to class of member pointer involves a protected base class,멤버 포인터의 클래스에 대한 포인터 변환에는 보호된 기본 클래스가 포함됩니다.,1
cannot convert object to class of member pointer,개체를 멤버 포인터의 클래스로 변환할 수 없습니다.,1
conversion ambiguity: [object] to [class object of pointer to class member],변환 모호성: [객체]에서 [클래스 멤버에 대한 포인터의 클래스 객체]로,1
conversion of object to class of member pointer involves a private base class,개체를 멤버 포인터의 클래스로 변환하는 데 개인 기본 클래스가 포함됩니다.,1
conversion of object to class of member pointer involves a protected base class,개체를 멤버 포인터의 클래스로 변환하면 보호된 기본 클래스가 포함됩니다.,1
conversion of pointer to class member from a derived to a base class,파생 클래스에서 기본 클래스로의 클래스 멤버에 대한 포인터 변환,1
form is '#pragma inline_recursion en' where 'en' is 'on' or 'off',양식은 '#pragma inline_recursion en'이며 여기서 'en'은 'on' 또는 'off'입니다.,1
expression for number of array elements must be integral,배열 요소 수에 대한 표현식은 정수여야 합니다.,1
function accessed with '.*' or '->*' can only be called,'.*' 또는 '->*'로 액세스한 함수는 호출할 수만 있습니다.,1
"left operand must be a pointer, pointer to class member, or arithmetic","왼쪽 피연산자는 포인터, 클래스 멤버에 대한 포인터 또는 산술이어야 합니다.",1
"right operand must be a pointer, pointer to class member, or arithmetic","오른쪽 피연산자는 포인터, 클래스 멤버에 대한 포인터 또는 산술이어야 합니다.",1
neither pointer to class member can be converted to the other,클래스 멤버에 대한 포인터를 다른 포인터로 변환할 수 없습니다.,1
left operand is not a valid pointer to class member,왼쪽 피연산자는 클래스 멤버에 대한 유효한 포인터가 아닙니다.,1
right operand is not a valid pointer to class member,오른쪽 피연산자는 클래스 멤버에 대한 유효한 포인터가 아닙니다.,1
cannot use '.*' nor '->*' with pointer to class member with zero value,값이 0인 클래스 멤버에 대한 포인터와 함께 '.*' 또는 '->*'를 사용할 수 없습니다.,1
operand is not a valid pointer to class member,피연산자는 클래스 멤버에 대한 유효한 포인터가 아닙니다.,1
destructor can be invoked only with '.' or '->',소멸자는 '.'로만 호출할 수 있습니다. 또는 '->',1
class of destructor must be class of object being destructed,소멸자의 클래스는 소멸되는 개체의 클래스여야 합니다.,1
destructor is not properly qualified,소멸자가 적절하지 않습니다.,1
pointers to class members reference different object types,클래스 멤버에 대한 포인터가 다른 개체 유형을 참조합니다.,1
operand must be pointer to class or struct,피연산자는 클래스 또는 구조체에 대한 포인터여야 합니다.,1
expression must have 'void' type,표현식에는 'void' 유형이 있어야 합니다.,1
expression types do not match for ':' operator,표현식 유형이 ':' 연산자와 일치하지 않습니다.,1
cannot create an undefined type with 'operator new','새로운 연산자'로 정의되지 않은 유형을 만들 수 없습니다.,1
cannot delete a pointer to an undefined type,정의되지 않은 형식에 대한 포인터를 삭제할 수 없습니다.,1
cannot access '%S' through a private base class,개인 기본 클래스를 통해 '%S'에 액세스할 수 없습니다.,1
cannot access '%S' through a protected base class,보호된 기본 클래스를 통해 '%S'에 액세스할 수 없습니다.,1
'sizeof' operand contains compiler generated information,'sizeof' 피연산자에 컴파일러 생성 정보가 포함되어 있습니다.,1
cannot convert ':' operands to a common reference type,':' 피연산자를 공통 참조 유형으로 변환할 수 없습니다.,1
conversion ambiguity: [reference to object] to [type of opposite ':' operand],변환 모호성: [객체에 대한 참조]에서 [반대쪽 ':' 피연산자의 유형],1
conversion of reference to ':' object involves a private base class,':' 개체에 대한 참조 변환에 개인 기본 클래스가 포함됩니다.,1
conversion of reference to ':' object involves a protected base class,':' 개체에 대한 참조 변환에는 보호된 기본 클래스가 포함됩니다.,1
"expression must have type arithmetic, pointer, or pointer to class member","식에는 산술, 포인터 또는 클래스 멤버에 대한 포인터 유형이 있어야 합니다.",1
expression for 'while' is always false,'while'에 대한 식은 항상 거짓입니다.,1
testing expression for 'for' is always false,'for'에 대한 테스트 표현식은 항상 false입니다.,1
message number is invalid,메시지 번호가 잘못되었습니다.,1
warning level must be an integer in range 0 to 9,경고 수준은 0에서 9 사이의 정수여야 합니다.,1
function '%S' cannot be defined because it is generated by the compiler,함수 '%S'은(는) 컴파일러에 의해 생성되었기 때문에 정의할 수 없습니다.,1
neither environment variable nor file found for '@%s','@%s'에 대한 환경 변수나 파일을 찾을 수 없습니다.,1
more than 5 indirections in command line encountered at '@%s',명령줄에서 5개 이상의 간접 참조가 '@%s'에서 발견되었습니다.,1
cannot take address of non-static member function,비정적 멤버 함수의 주소를 사용할 수 없습니다.,1
cannot generate default '%S' because class contains either a constant or a reference member,클래스에 상수 또는 참조 멤버가 포함되어 있으므로 기본 '%S'을(를) 생성할 수 없습니다.,1
cannot convert pointer to non-constant or volatile objects to 'const void*',상수가 아니거나 휘발성 개체에 대한 포인터를 'const void*'로 변환할 수 없습니다.,1
cannot convert pointer to non-constant or non-volatile objects to 'const volatile void*',일정하지 않거나 비휘발성 개체에 대한 포인터를 'const volatile void*'로 변환할 수 없습니다.,1
cannot initialize pointer to non-volatile with a pointer to volatile,휘발성에 대한 포인터로 비휘발성에 대한 포인터를 초기화할 수 없습니다.,1
cannot pass a pointer or reference to a volatile object,휘발성 개체에 대한 포인터 또는 참조를 전달할 수 없습니다.,1
cannot return a pointer or reference to a volatile object,휘발성 개체에 대한 포인터나 참조를 반환할 수 없습니다.,1
left expression is not a pointer to a volatile object,왼쪽 식은 휘발성 개체에 대한 포인터가 아닙니다.,1
virtual function override for '%S' is ambiguous; possible overrides include '%S' and '%S','%S'에 대한 가상 기능 재정의가 모호합니다. 가능한 재정의에는 '%S' 및 '%S'가 포함됩니다.,1
"initialization priority must be number 0-255, 'library', or 'program'","초기화 우선 순위는 0-255, '라이브러리' 또는 '프로그램'이어야 합니다.",1
previous 'case' label defined %L,정의된 이전 '케이스' 레이블 %L,1
previous 'default' label defined %L,정의된 이전 '기본' 레이블 %L,1
label defined %L,정의된 레이블 %L,1
label referenced %L,참조된 레이블 %L,1
object thrown has type: %T,던져진 개체의 유형: %T,1
object thrown has an ambiguous base class %T,던져진 개체에 모호한 기본 클래스 %T가 있습니다.,1
form is '#pragma inline_depth level' where 'level' is 0 to 255,양식은 '#pragma inline_depth level'이며 'level'은 0에서 255 사이입니다.,1
pointer or reference truncated by cast,포인터 또는 참조가 캐스트에 의해 잘림,1
cannot find a constructor for given initializer argument list,주어진 이니셜라이저 인수 목록에 대한 생성자를 찾을 수 없습니다.,1
variable '%N' can only be based on a string in this context,변수 '%N'은(는) 이 컨텍스트의 문자열만 기반으로 할 수 있습니다.,1
memory model modifiers are not allowed for class members,메모리 모델 수정자는 클래스 멤버에 대해 허용되지 않습니다.,1
redefinition of the typedef name '%S' ignored,typedef 이름 '%S'의 재정의가 무시되었습니다.,1
constructor for variable '%S' may not execute,변수 '%S'의 생성자가 실행되지 않을 수 있습니다.,1
syntax error; missing start of function body after constructor initializer,구문 오류; 생성자 이니셜라이저 이후에 함수 본문의 시작이 누락되었습니다.,1
conversion ambiguity: [expression] to [type of default argument],변환 모호성: [표현식]에서 [기본 인수 유형]으로,1
conversion of expression for default argument is impossible,기본 인수에 대한 표현식 변환이 불가능합니다.,1
syntax error before template name '%s',템플릿 이름 '%s' 앞에 구문 오류가 있습니다.,1
private base class accessed to convert default argument,기본 인수를 변환하기 위해 액세스한 비공개 기본 클래스,1
protected base class accessed to convert default argument,기본 인수를 변환하기 위해 액세스된 보호된 기본 클래스,1
operand must be an 'lvalue' (cast produces 'rvalue'),피연산자는 'lvalue'여야 합니다(캐스트는 'rvalue'를 생성함),1
left operand must be an 'lvalue' (cast produces 'rvalue'),왼쪽 피연산자는 'lvalue'여야 합니다(캐스트는 'rvalue'를 생성함),1
right operand must be an 'lvalue' (cast produces 'rvalue'),오른쪽 피연산자는 'lvalue'여야 합니다(캐스트는 'rvalue'를 생성함),1
construct resolved as a declaration/type,구문이 선언/유형으로 확인됨,1
construct resolved as an expression,표현식으로 해석된 구문,1
construct cannot be resolved,구성을 확인할 수 없습니다.,1
encountered another ambiguous construct during disambiguation,명확성 중에 또 다른 모호한 구문이 발생했습니다.,1
ellipsis (...) argument contains compiler generated information,줄임표(...) 인수에 컴파일러 생성 정보가 포함되어 있습니다.,1
cannot convert argument for ellipsis (...) argument,줄임표(...) 인수에 대한 인수를 변환할 수 없습니다.,1
conversion ambiguity: [argument] to [ellipsis (...) argument],변환 모호성: [인수]에서 [줄임표(...) 인수]로,1
converted function type has different #pragma from original function type,변환된 함수 유형이 원래 함수 유형과 #pragma가 다릅니다.,1
class value used as return value or argument in converted function type,변환된 함수 유형에서 반환 값 또는 인수로 사용되는 클래스 값,1
class value used as return value or argument in original function type,원래 함수 유형에서 반환 값 또는 인수로 사용된 클래스 값,1
must look ahead to determine whether construct is a declaration/type or an expression,구문이 선언/유형 또는 표현식인지 여부를 미리 확인해야 합니다.,1
assembler error: '%s',어셈블러 오류: '%s',1
default argument expression cannot reference 'this',기본 인수 표현식은 'this'를 참조할 수 없습니다.,1
"#pragma aux must reference a ""C"" linkage function '%S'","#pragma aux는 ""C"" 연결 함수 '%S'를 참조해야 합니다.",1
assignment is ambiguous for operands used,사용된 피연산자에 대한 할당이 모호합니다.,1
pragma name '%s' is not defined,pragma 이름 '%s'이(가) 정의되지 않았습니다.,1
'%S' could not be generated by the compiler,컴파일러에서 '%S'을(를) 생성할 수 없습니다.,1
'catch' does not immediately follow a 'try' or 'catch','catch'는 'try' 또는 'catch' 바로 다음에 오지 않습니다.,1
preceding 'catch' specified '...',앞의 'catch'가 '...'로 지정되었습니다.,1
"argument to extern ""C"" function contains compiler generated information","extern ""C"" 함수에 대한 인수에 컴파일러 생성 정보가 포함되어 있습니다.",1
previous try block defined %L,이전 시도 블록이 %L 정의되었습니다.,1
previous catch block defined %L,정의된 이전 catch 블록 %L,1
'catch' handler can never be invoked,'catch' 처리기를 호출할 수 없습니다.,1
"cannot overload extern ""C"" functions (the other function is '%S')","extern ""C"" 함수를 오버로드할 수 없습니다(다른 함수는 '%S').",1
function will be overload ambiguous with '%S' using default arguments,함수는 기본 인수를 사용하여 '%S'로 모호하게 오버로드됩니다.,1
linkage specification is different than previous declaration '%S',연결 사양이 이전 선언 '%S'와 다릅니다.,1
not enough segment registers available to generate '%s',%s'을(를) 생성하는 데 사용할 수 있는 세그먼트 레지스터들이 충분하지 않습니다.,1
pure virtual destructors must have a definition,순수 가상 소멸자는 정의가 있어야 합니다.,1
jump into try block,try 블록으로 점프,1
jump into catch handler,캐치 핸들러로 점프,1
catch block does not immediately follow try block,catch 블록이 try 블록을 즉시 따르지 않습니다.,1
exceptions must be enabled to use feature (use -xs switch),기능을 사용하려면 예외를 활성화해야 합니다(-xs 스위치 사용).,1
"I/O error reading '%s': %s""","'%s' 읽기 I/O 오류: %s""",1
text following pre-processor directive,전처리기 지시문 다음에 오는 텍스트,1
expression is not meaningful,표현이 의미가 없습니다,1
expression has no side effect,식에는 부작용이 없습니다.,1
"source conversion type is ""%T""","소스 변환 유형은 ""%T""입니다.",1
"target conversion type is ""%T""","대상 변환 유형은 ""%T""입니다.",1
redeclaration of '%S' has different attributes,'%S'의 재선언에 다른 속성이 있습니다.,1
template class instantiation for '%T' was %L,'%T'에 대한 템플릿 클래스 인스턴스화는 %L입니다.,1
template function instantiation for '%S' was %L,'%S'에 대한 템플릿 함수 인스턴스화는 %L입니다.,1
template class member instantiation was %L,템플릿 클래스 멤버 인스턴스화는 %L입니다.,1
function template binding for '%S' was %L,'%S'에 대한 함수 템플릿 바인딩이 %L이었습니다.,1
function template binding of '%S' was %L,'%S'의 함수 템플릿 바인딩이 %L이었습니다.,1
'%s' defined %L,'%s' 정의된 %L,1
form is '#pragma template_depth level' where 'level' is a non-zero number,양식은 '#pragma template_depth level'입니다. 여기서 'level'은 0이 아닌 숫자입니다.,1
possible non-terminating template instantiation (use '#pragma template_depth %d' to increase depth),종료되지 않는 템플릿 인스턴스화 가능(깊이를 높이려면 '#pragma template_depth %d' 사용),1
cannot inherit a partially defined base class '%T',부분적으로 정의된 기본 클래스 '%T'을(를) 상속할 수 없습니다.,1
ambiguous function: %F defined %L,모호한 기능: %F 정의 %L,1
cannot convert argument %d defined %L,인수 %d을(를) 변환할 수 없습니다. 정의된 %L,1
'this' cannot be converted,'이'는 변환할 수 없습니다.,1
rejected function: %F defined %L,거부된 기능: %F 정의 %L,1
'%T' operator can be used,'%T' 연산자를 사용할 수 있습니다.,1
cannot #undef '%s',#undef '%s'을(를) 할 수 없습니다,1
cannot #define '%s','%s'을(를) #정의할 수 없습니다.,1
template function '%F' defined %L,템플릿 함수 '%F' 정의됨 %L,1
ambiguous function template: %F defined %L,모호한 함수 템플릿: %F 정의 %L,1
cannot instantiate %S,%S을(를) 인스턴스화할 수 없습니다.,1
rejected function template: %F defined %L,거부된 기능 템플릿: %F 정의 %L,1
operand cannot be a function,피연산자는 함수일 수 없습니다.,1
left operand cannot be a function,왼쪽 피연산자는 함수일 수 없습니다.,1
right operand cannot be a function,오른쪽 피연산자는 함수일 수 없습니다.,1
define this function inside its class definition (may improve code quality),클래스 정의 내에서 이 함수를 정의합니다(코드 품질을 향상시킬 수 있음).,1
define this function inside its class definition (could have improved code quality),클래스 정의 내에서 이 함수를 정의합니다(코드 품질이 향상될 수 있음),1
cannot convert address of overloaded function '%S',오버로드된 함수 '%S'의 주소를 변환할 수 없습니다.,1
expression cannot have 'void' type,표현식은 'void' 유형을 가질 수 없습니다.,1
cannot reference a bit field,비트 필드를 참조할 수 없습니다.,1
cannot assign to object having an undefined class,정의되지 않은 클래스가 있는 개체에 할당할 수 없습니다.,1
cannot create member pointer to constructor,생성자에 대한 멤버 포인터를 만들 수 없습니다.,1
cannot create member pointer to destructor,소멸자에 대한 멤버 포인터를 만들 수 없습니다.,1
attempt to initialize a non-constant reference with a temporary object,임시 개체를 사용하여 상수가 아닌 참조를 초기화하려고 시도합니다.,1
temporary object used to initialize a non-constant reference,상수가 아닌 참조를 초기화하는 데 사용되는 임시 개체,1
assuming unary 'operator &' not overloaded for type '%T',단항 '연산자 &'가 '%T' 유형에 대해 오버로드되지 않은 것으로 가정합니다.,1
'va_start' macro will not work without an argument before ...,'va_start' 매크로는 이전에 인수 없이 작동하지 않습니다 ...,1
"'va_start' macro will not work with a reference argument before ""...""","'va_start' 매크로는 ""..."" 앞의 참조 인수와 함께 작동하지 않습니다.",1
"'va_start' macro will not work with a class argument before ""...""","'va_start' 매크로는 ""..."" 이전의 클래스 인수와 함께 작동하지 않습니다.",1
function modifier conflicts with previous declaration '%S',함수 수정자가 이전 선언 '%S'와 충돌합니다.,1
function modifier cannot be used on a variable,변수에 함수 수정자를 사용할 수 없습니다.,1
'%T' contains the following pure virtual functions,'%T'에는 다음과 같은 순수 가상 함수가 포함되어 있습니다.,1
'%T' has no implementation for the following pure virtual functions,'%T'에는 다음 순수 가상 기능에 대한 구현이 없습니다.,1
'%F' defined %L,'%F' 정의된 %L,1
restriction: standard calling convention required for '%S',제한: '%S'에 필요한 표준 호출 규칙,1
number of arguments in function call is incorrect,함수 호출의 인수 수가 잘못되었습니다.,1
function has type '%T',함수에 '%T' 유형이 있습니다.,1
invalid octal constant,잘못된 8진 상수,1
class template definition started %L,클래스 템플릿 정의 시작됨 %L,1
constructor initializer started %L,생성자 이니셜라이저가 %L 시작되었습니다.,1
zero size array must be the last data member,크기가 0인 배열은 마지막 데이터 멤버여야 합니다.,1
cannot inherit a class that contains a zero size array,크기가 0인 배열을 포함하는 클래스를 상속할 수 없습니다.,1
zero size array '%S' cannot be used in a class with base classes,크기가 0인 배열 '%S'은(는) 기본 클래스가 있는 클래스에서 사용할 수 없습니다.,1
cannot catch abstract class object,추상 클래스 개체를 잡을 수 없습니다.,1
non-static member function '%S' cannot be specified,비정적 멤버 함수 '%S'을(를) 지정할 수 없습니다.,1
attempt to convert pointer or reference from a base to a derived class,포인터 또는 참조를 기본에서 파생 클래스로 변환하려고 시도합니다.,1
expression for 'while' is always true,'동안'에 대한 식은 항상 참입니다.,1
testing expression for 'for' is always true,'for'에 대한 테스트 표현식은 항상 true입니다.,1
conditional expression is always true (non-zero),조건식은 항상 참(0이 아님),1
conditional expression is always false (zero),조건식은 항상 거짓(영)입니다.,1
expecting a member of '%T' to be defined in this context,이 컨텍스트에서 '%T'의 멤버가 정의될 것으로 예상합니다.,1
cannot throw an abstract class '%T',추상 클래스 '%T'을(를) throw할 수 없습니다.,1
cannot create pre-compiled header file '%s',미리 컴파일된 헤더 파일 '%s'을(를) 만들 수 없습니다.,1
error occurred while writing pre-compiled header file,미리 컴파일된 헤더 파일을 쓰는 동안 오류가 발생했습니다.,1
error occurred while reading pre-compiled header file,미리 컴파일된 헤더 파일을 읽는 동안 오류가 발생했습니다.,1
pre-compiled header file cannot be used,미리 컴파일된 헤더 파일을 사용할 수 없습니다.,1
pre-compiled header file cannot be used (different compile options),미리 컴파일된 헤더 파일을 사용할 수 없습니다(다른 컴파일 옵션).,1
pre-compiled header file cannot be used (different #include file),미리 컴파일된 헤더 파일을 사용할 수 없습니다(다른 #include 파일).,1
pre-compiled header file cannot be used (different current directory),미리 컴파일된 헤더 파일을 사용할 수 없습니다(다른 현재 디렉터리).,1
pre-compiled header file cannot be used (different INCLUDE path),미리 컴파일된 헤더 파일을 사용할 수 없습니다(다른 INCLUDE 경로).,1
pre-compiled header file cannot be used ('%s' has been modified),미리 컴파일된 헤더 파일을 사용할 수 없습니다('%s'이(가) 수정되었습니다).,1
pre-compiled header file cannot be used (macro '%s' is different),미리 컴파일된 헤더 파일을 사용할 수 없습니다(매크로 '%s'이(가) 다름),1
pre-compiled header file cannot be used (macro '%s' is not defined),미리 컴파일된 헤더 파일을 사용할 수 없습니다(매크로 '%s'이(가) 정의되지 않음),1
command line specifies smart windows callbacks and DS not equal to SS,명령줄이 스마트 Windows 콜백 및 DS가 SS와 같지 않음을 지정합니다.,1
class '%N' cannot be used with #pragma dump_object_model,클래스 '%N'은 #pragma dump_object_model과 함께 사용할 수 없습니다.,1
repeated modifier is '%s',반복 수정자는 '%s'입니다.,1
semicolon (';') may be missing after class/enum definition,클래스/열거형 정의 후 세미콜론(';')이 누락될 수 있습니다.,1
cannot return a type of unknown size,알 수 없는 크기의 유형을 반환할 수 없습니다.,1
cannot initialize array member '%S',배열 구성원 '%S'을(를) 초기화할 수 없습니다.,1
file '%s' will #include itself forever,파일 '%s'은(는) #영원히 자신을 포함합니다.,1
virtual function '%S' cannot have its return type changed,가상 함수 '%S'은(는) 반환 유형을 변경할 수 없습니다.,1
__declspec( '%N' ) is not supported,__declspec( '%N' )이 지원되지 않습니다.,1
attempt to construct a far object when data model is near,데이터 모델이 가까울 때 멀리 있는 개체를 구성하려고 시도합니다.,1
-zo not needed since there is no system-specific exception handling,시스템별 예외 처리가 없으므로 zo가 필요하지 않습니다.,1
class modifiers for '%T' conflict with class modifiers for '%T',%T'에 대한 클래스 수정자가 '%T'에 대한 클래스 수정자와 충돌합니다.,1
